Workbook

Sheet 표지
B11: AI 기반 플랜트 통합관리 시스템 구축
B18: 과업내용서
D26: 2026. 04

Sheet 1. 요구사항 총괄표
B1: 요구사항 분류 | C1: 요구사항 고유번호 | D1: 요구사항 명칭
B2: 시스템 요구사항 | C2: ECR-001 | D2: =VLOOKUP(C2,'3. 요건기술서 전체'!$B:$L,5,0) -> 공통기능 -인프라 구성 표준
B3: 기능 요구사항 | C3: SFR-001 | D3: =VLOOKUP(C3,'3. 요건기술서 전체'!$B:$L,5,0) -> 공통기능 -계정 및 권한
B4: 기능 요구사항 | C4: SFR-002 | D4: =VLOOKUP(C4,'3. 요건기술서 전체'!$B:$L,5,0) -> 공통기능 -모바일
B5: 기능 요구사항 | C5: SFR-003 | D5: =VLOOKUP(C5,'3. 요건기술서 전체'!$B:$L,5,0) -> 공통기능 -정보 조회
B6: 기능 요구사항 | C6: SFR-004 | D6: =VLOOKUP(C6,'3. 요건기술서 전체'!$B:$L,5,0) -> 사용자 인터페이스(UI/UX)
B7: 기능 요구사항 | C7: SFR-005 | D7: =VLOOKUP(C7,'3. 요건기술서 전체'!$B:$L,5,0) -> 기능위치마스터 관리
B8: 기능 요구사항 | C8: SFR-006 | D8: =VLOOKUP(C8,'3. 요건기술서 전체'!$B:$L,5,0) -> 설비마스터 관리
B9: 기능 요구사항 | C9: SFR-007 | D9: =VLOOKUP(C9,'3. 요건기술서 전체'!$B:$L,5,0) -> 설비 BOM 관리
B10: 기능 요구사항 | C10: SFR-008 | D10: =VLOOKUP(C10,'3. 요건기술서 전체'!$B:$L,5,0) -> 스마트 도면 관리 기능(공통)
B11: 기능 요구사항 | C11: SFR-009 | D11: =VLOOKUP(C11,'3. 요건기술서 전체'!$B:$L,5,0) -> 스마트 도면 전환
B12: 기능 요구사항 | C12: SFR-010 | D12: =VLOOKUP(C12,'3. 요건기술서 전체'!$B:$L,5,0) -> 스마트 도면 편집(Edit) 기능
B13: 기능 요구사항 | C13: SFR-011 | D13: =VLOOKUP(C13,'3. 요건기술서 전체'!$B:$L,5,0) -> 스마트 도면 보기(View) 기능
... B73: 기능 요구사항 | C73: SFR-071 | D73: =VLOOKUP(C73,'3. 요건기술서 전체'!$B:$L,5,0) -> 공통기능 - 매뉴얼관리
B74: 기능 요구사항 | C74: SFR-072 | D74: 시스템 성과측정 및 로그 개발
B75: 보안 요구사항 | C75: SER-001 | D75: =VLOOKUP(C75,'3. 요건기술서 전체'!$B:$L,5,0) -> 공통기능 -외부 접근 제한
B76: 보안 요구사항 | C76: SER-002 | D76: =VLOOKUP(C76,'3. 요건기술서 전체'!$B:$L,5,0) -> 정보누출금지
B77: 보안 요구사항 | C77: SER-003 | D77: =VLOOKUP(C77,'3. 요건기술서 전체'!$B:$L,5,0) -> 보안위규 처리 기준
B78: 보안 요구사항 | C78: SER-004 | D78: =VLOOKUP(C78,'3. 요건기술서 전체'!$B:$L,5,0) -> 보안위약금 부과 기준
B79: 보안 요구사항 | C79: SER-005 | D79: =VLOOKUP(C79,'3. 요건기술서 전체'!$B:$L,5,0) -> 보안 사항
B80: 보안 요구사항 | C80: SER-006 | D80: =VLOOKUP(C80,'3. 요건기술서 전체'!$B:$L,5,0) -> 망 접근 관련 보안사항
B81: 보안 요구사항 | C81: SER-007 | D81: 사업 진행 단계별 보안 사항
B82: 보안 요구사항 | C82: SER-008 | D82: 로그인, 사용자 정보 관리
B83: 보안 요구사항 | C83: SER-009 | D83: 시큐어 코딩 및 보안 취약점 제거
B84: 보안 요구사항 | C84: SER-010 | D84: 데이터 및 DB 암호화
B85: 보안 요구사항 | C85: SER-011 | D85: 개인정보보호법 관련 준수
B86: 보안 요구사항 | C86: SER-012 | D86: 기타 보안사항
B87: 보안 요구사항 | C87: SER-013 | D87: API 보안 관리
B88: 데이터 요구사항 | C88: DAR-001 | D88: =VLOOKUP(C88,'3. 요건기술서 전체'!$B:$L,5,0) -> 데이터 표준 수립 및 상위표준 준수
B89: 데이터 요구사항 | C89: DAR-002 | D89: =VLOOKUP(C89,'3. 요건기술서 전체'!$B:$L,5,0) -> 데이터 표준관리
B90: 데이터 요구사항 | C90: DAR-003 | D90: =VLOOKUP(C90,'3. 요건기술서 전체'!$B:$L,5,0) -> 데이터 구조 설계
B91: 데이터 요구사항 | C91: DAR-004 | D91: =VLOOKUP(C91,'3. 요건기술서 전체'!$B:$L,5,0) -> 데이터 구조 검증
B92: 데이터 요구사항 | C92: DAR-005 | D92: =VLOOKUP(C92,'3. 요건기술서 전체'!$B:$L,5,0) -> 데이터 구조 관리
B93: 데이터 요구사항 | C93: DAR-006 | D93: =VLOOKUP(C93,'3. 요건기술서 전체'!$B:$L,5,0) -> 데이터 값 검증
B94: 데이터 요구사항 | C94: DAR-007 | D94: =VLOOKUP(C94,'3. 요건기술서 전체'!$B:$L,5,0) -> 이관 데이터 값 검증
B95: 데이터 요구사항 | C95: DAR-008 | D95: =VLOOKUP(C95,'3. 요건기술서 전체'!$B:$L,5,0) -> 데이터 관리체계 수립
B96: 데이터 요구사항 | C96: DAR-009 | D96: =VLOOKUP(C96,'3. 요건기술서 전체'!$B:$L,5,0) -> 데이터 개방 및 메타데이터 관리체계
B97: 데이터 요구사항 | C97: DAR-010 | D97: =VLOOKUP(C97,'3. 요건기술서 전체'!$B:$L,5,0) -> DB 관리 방안
B98: 데이터 요구사항 | C98: DAR-011 | D98: =VLOOKUP(C98,'3. 요건기술서 전체'!$B:$L,5,0) -> DB 표준 준수
B99: 데이터 요구사항 | C99: DAR-012 | D99: =VLOOKUP(C99,'3. 요건기술서 전체'!$B:$L,5,0) -> AI 지원을 위한 데이터 구조 표준 수립
... B142: 컨설팅 요구사항 | C142: CNR-004 | D142: =VLOOKUP(C142,'3. 요건기술서 전체'!$B:$L,5,0) -> 유지보수 표준화 및 DB화
B143: 컨설팅 요구사항 | C143: CNR-005 | D143: 기존 시스템 단계적 폐기 계획 수립

Sheet 2. 요구사항 정의서
B2: 요구사항 분류 | D2: ='1. 요구사항 총괄표'!B2 -> 시스템 요구사항 | E2: 응락수준 | F2: =VLOOKUP($D3,'3. 요건기술서 전체'!$B:$L,6,0) -> 필수 | H2: 시스템 요구사항
B3: 요구사항 고유번호 | D3: ='1. 요구사항 총괄표'!C2 -> ECR-001 | E3: 모바일 | F3: =IFERROR(TRIM(IF(VLOOKUP($D3,'3. 요건기술서 전체'!$B:$L,10,0)<>"",IF(VLOOKUP($D3,'3. 요건기술서 전체'!$B:$L,10,0)="O", "한난O", IF(VLOOKUP($D3,'3. 요건기술서 전체'!$B:$L,10,0)="X", "한난X", "")),"") & " " &IF(VLOOKUP($D3,'3. 요건기술서 전체'!$B:$L,11,0)<>"",IF(VLOOKUP($D3,'3. 요건기술서 전체'!$B:$L,11,0)="O", "외부O", IF(VLOOKUP($D3,'3. 요건기술서 전체'!$B:$L,11,0)="X", "외부X", "")),"")),"") | H3: ECR-001
B4: 요구사항 명칭 | D4: =VLOOKUP($D3,'3. 요건기술서 전체'!$B:$L,5,0) -> 공통기능 -인프라 구성 표준 | H4: 공통기능 -인프라 구성 표준
B5: 요구사항 상세설명 | C5: 정의 | D5: =VLOOKUP($D3,'3. 요건기술서 전체'!$B:$L,7,0) -> 인프라 구성 표준 | H5: 인프라 구성 표준
C6: 세부내용 | D6: =VLOOKUP($D3,'3. 요건기술서 전체'!$B:$L,8,0) -> ○ IT 인프라 구성 표준 - OS : RHEL 9.4 이상 - JDK : OpenJDK 17 이상 - WEB : nginx 1.28 이상 - WAS : Tomcat 9 이상 - DB : Oracle 19c (Standard) ○ 개발환경 구성 표준 - 전자정부프레임워크 기반 개발환경 준수 ○ IT 인프라 구성 표준 준수 시, 우리 공사의 가상서버 제공 및 운영 지원 ○ IT 인프라 구성 표준 및 개발환경 구성 표준 미준수 시, 제안사 직접 납품 및 운영·유지보수 방안 제시 필수 ○ WEB/WAS/DB 등의 운영 Port는 우리 공사가 지정한 Port로 변경 운영 필수(Well -Known Port 사용 불가) ○ 우리 공사 직원의 업무환경인 가상 데스크탑 환경(VDI. 이하, 내부 업무환경)에서 속도 저하 및 지연없이 모든 서비스 제공 ○ Microsoft Edge 브라우저에서 추가 프로그램(플러그인 등) 설치없이 모든 기능 제공 | H6: ○ IT 인프라 구성 표준 - OS : RHEL 9.4 이상 - JDK : OpenJDK 17 이상 - WEB : nginx 1.28 이상 - WAS : Tomcat 9 이상 - DB : Oracle 19c (Standard) ○ 개발환경 구성 표준 - 전자정부프레임워크 기반 개발환경 준수 ○ IT 인프라 구성 표준 준수 시, 우리 공사의 가상서버 제공 및 운영 지원 ○ IT 인프라 구성 표준 및 개발환경 구성 표준 미준수 시, 제안사 직접 납품 및 운영·유지보수 방안 제시 필수 ○ WEB/WAS/DB 등의 운영 Port는 우리 공사가 지정한 Port로 변경 운영 필수(Well -Known Port 사용 불가) ○ 우리 공사 직원의 업무환경인 가상 데스크탑 환경(VDI. 이하, 내부 업무환경)에서 속도 저하 및 지연없이 모든 서비스 제공 ○ Microsoft Edge 브라우저에서 추가 프로그램(플러그인 등) 설치없이 모든 기능 제공
B7: 산출정보 | D7: =VLOOKUP(D3, '3. 요건기술서 전체'!$B:$L, 9, 0) -> 아키텍쳐 설계서 | H7: 아키텍쳐 설계서
B8: 관련 요구사항 | D8: =VLOOKUP($D3,'3. 요건기술서 전체'!$B:$L,2,0) -> 0 | H8: 0
B10: 요구사항 분류 | D10: 기능 요구사항 | E10: 응락수준 | F10: =VLOOKUP($D11,'3. 요건기술서 전체'!$B:$L,6,0) -> 필수 | H10: 기능 요구사항
B11: 요구사항 고유번호 | D11: ='1. 요구사항 총괄표'!C3 -> SFR-001 | E11: 모바일 | F11: =IFERROR(TRIM(IF(VLOOKUP($D11,'3. 요건기술서 전체'!$B:$L,10,0)<>"",IF(VLOOKUP($D11,'3. 요건기술서 전체'!$B:$L,10,0)="O", "한난O", IF(VLOOKUP($D11,'3. 요건기술서 전체'!$B:$L,10,0)="X", "한난X", "")),"") & " " &IF(VLOOKUP($D11,'3. 요건기술서 전체'!$B:$L,11,0)<>"",IF(VLOOKUP($D11,'3. 요건기술서 전체'!$B:$L,11,0)="O", "외부O", IF(VLOOKUP($D11,'3. 요건기술서 전체'!$B:$L,11,0)="X", "외부X", "")),"")),"") | H11: SFR-001
B12: 요구사항 명칭 | D12: =VLOOKUP($D11,'3. 요건기술서 전체'!$B:$L,5,0) -> 공통기능 -계정 및 권한 | H12: 공통기능 -계정 및 권한
B13: 요구사항 상세설명 | C13: 정의 | D13: =VLOOKUP($D11,'3. 요건기술서 전체'!$B:$L,7,0) -> 계정 및 권한 | H13: 계정 및 권한
C14: 세부내용 | D14: =VLOOKUP($D11,'3. 요건기술서 전체'!$B:$L,8,0) -> ○ 계정 및 권한관리 - 로그인 계정별 관리자 권한과 사용자 권한 관리 기능 - 관리자 권한으로 권한 그룹 관리 및 주요 시스템 설정 수행 - 사용자별 권한 및 역할에 따른 관리 기능(메뉴접근/승인/조회/공사/작업/예약/주요정보 등) - 외부 협력사 계정은 계약 기간에 따른 '사용 유효기간(Expiry Date)' 설정 기능을 필수 제공하고, 기간 만료 시 자동 잠금(Lock) 처리되어야 함 - 계약 만료일 이전에 사전 만료일 통보 및 자동 연장 기능 제공 ○ 로그인 시 보직 선택 기능 제공 - 인사 시스템의 '부서' 정보만으로는 사용자의 구체적인 수행 업무(기계/전기/제어/안전 등)를 식별할 수 없으므로, 최초 로그인 또는 권한 변경 필요 시 사용자가 자신의 '보직(Role)'을 직접 선택할 수 있는 팝업 화면을 제공해야 한다. ○ 보직 선택에 따른 권한 자동 매핑 - 사용자가 선택한 보직에 따라, 사전에 정의된 '권한 그룹(Role)'과 '메뉴 접근 권한'이 즉시 시스템에 반영되어야 한다. ○ 다중 보직 및 겸직 지원 - 2개 이상의 보직을 수행하는 겸직 사용자(파견 등) 를 위해, 로그인 후에도 상단 메뉴바 등을 통해 보직(Workspace) 전환이 가능하도록 구현해야 한다. ○ 보직 변경 이력 관리 - 사용자가 보직을 선택하거나 변경한 이력(변경일시, 변경 전/후 보직, 접속 IP 등)은 시스템에 기록 및 보관되어야 한다. ○ 동일 ID 중복 역할인 경우, 한 번에 처리 - 두 가지 이상 직책을 동일 직원이 중복해서 맡을 경우, 중복업무를 한 번에 처리(동일 ID로 검토 시 동일 문건 중 한 건이 처리되면 다른 건도 자동으로 처리) EX) (당초) 홍길동 기안 – 홍길동 팀장 – OOO 부장 -> (변경) 홍길동 기안 – (생략) – OOO 부장 ○ Project OBS 설정 방법 - 인사발령 등으로 인한 변경시 즉시 반영될 수 있도록 OBS(Organization Breakdown Structure) 설정 방법에 대한 개선 - 관리자가 변경되는 조직에 맞게 OBS를 유동적으로 변경할 수 있도록 설정 가능 | H14: ○ 계정 및 권한관리 - 로그인 계정별 관리자 권한과 사용자 권한 관리 기능 - 관리자 권한으로 권한 그룹 관리 및 주요 시스템 설정 수행 - 사용자별 권한 및 역할에 따른 관리 기능(메뉴접근/승인/조회/공사/작업/예약/주요정보 등) - 외부 협력사 계정은 계약 기간에 따른 '사용 유효기간(Expiry Date)' 설정 기능을 필수 제공하고, 기간 만료 시 자동 잠금(Lock) 처리되어야 함 ○ 로그인 시 보직 선택 기능 제공 - 인사 시스템의 '부서' 정보만으로는 사용자의 구체적인 수행 업무(기계/전기/제어/안전 등)를 식별할 수 없으므로, 최초 로그인 또는 권한 변경 필요 시 사용자가 자신의 '보직(Role)'을 직접 선택할 수 있는 팝업 화면을 제공해야 한다. ○ 보직 선택에 따른 권한 자동 매핑 - 사용자가 선택한 보직에 따라, 사전에 정의된 '권한 그룹(Role)'과 '메뉴 접근 권한'이 즉시 시스템에 반영되어야 한다. ○ 다중 보직 및 겸직 지원 - 2개 이상의 보직을 수행하는 겸직 사용자(파견 등) 를 위해, 로그인 후에도 상단 메뉴바 등을 통해 보직(Workspace) 전환이 가능하도록 구현해야 한다. ○ 보직 변경 이력 관리 - 사용자가 보직을 선택하거나 변경한 이력(변경일시, 변경 전/후 보직, 접속 IP 등)은 시스템에 기록 및 보관되어야 한다. ○ 동일 ID 중복 역할인 경우, 한 번에 처리 - 두 가지 이상 직책을 동일 직원이 중복해서 맡을 경우, 중복업무를 한 번에 처리(동일 ID로 검토 시 동일 문건 중 한 건이 처리되면 다른 건도 자동으로 처리) EX) (당초) 홍길동 기안 – 홍길동 팀장 – OOO 부장 -> (변경) 홍길동 기안 – (생략) – OOO 부장 ○ Project OBS 설정 방법 - 인사발령 등으로 인한 변경시 즉시 반영될 수 있도록 OBS(Organization Breakdown Structure) 설정 방법에 대한 개선 - 관리자가 변경되는 조직에 맞게 OBS를 유동적으로 변경할 수 있도록 설정 가능
B15: 산출정보 | D15: =VLOOKUP(D11, '3. 요건기술서 전체'!$B:$L, 9, 0) -> 메뉴구성 및 권한정의서 | H15: 메뉴구성 및 권한정의서
B16: 관련 요구사항 | D16: =VLOOKUP($D11,'3. 요건기술서 전체'!$B:$L,2,0) -> 0 | H16: 0
B18: 요구사항 분류 | D18: 기능 요구사항 | E18: 응락수준 | F18: =VLOOKUP($D19,'3. 요건기술서 전체'!$B:$L,6,0) -> 필수 | H18: 기능 요구사항
B19: 요구사항 고유번호 | D19: =LEFT(D11,3)&"-"&TEXT(VALUE(RIGHT(D11,3))+1,"000") -> SFR-002 | E19: 모바일 | F19: =IFERROR(TRIM(IF(VLOOKUP($D19,'3. 요건기술서 전체'!$B:$L,10,0)<>"",IF(VLOOKUP($D19,'3. 요건기술서 전체'!$B:$L,10,0)="O", "한난O", IF(VLOOKUP($D19,'3. 요건기술서 전체'!$B:$L,10,0)="X", "한난X", "")),"") & " " &IF(VLOOKUP($D19,'3. 요건기술서 전체'!$B:$L,11,0)<>"",IF(VLOOKUP($D19,'3. 요건기술서 전체'!$B:$L,11,0)="O", "외부O", IF(VLOOKUP($D19,'3. 요건기술서 전체'!$B:$L,11,0)="X", "외부X", "")),"")),"") | H19: SFR-002
B20: 요구사항 명칭 | D20: =VLOOKUP($D19,'3. 요건기술서 전체'!$B:$L,5,0) -> 공통기능 -모바일 | H20: 공통기능 -모바일
B21: 요구사항 상세설명 | C21: 정의 | D21: =VLOOKUP($D19,'3. 요건기술서 전체'!$B:$L,7,0) -> 모바일 공통 기능 | H21: 모바일 공통 기능
C22: 세부내용 | D22: =VLOOKUP($D19,'3. 요건기술서 전체'!$B:$L,8,0) -> ○ 모바일 공통 기능 - 기능 요구사항에서 '모바일'로 표시된 기능은 내부 직원 및 외부(협력사/시공사 등) 직원으로 구분하여 모바일에서 제공 - 모바일은 Android OS 와 iOS 를 지원 - 사용자별 권한 및 역할에 따른 승인 처리 기능 - 승인/이상/공사/작업/예약/주요정보 등의 알림(알람)을 모바일 PUSH로 제공 ○ 모바일 기능은 개인 모바일, 지급형 단말기(내부망 접근) 구성으로 분리하여 제공 - 시스템은 사용자가 접속한 단말기 유형(개인용/지급형)과 네트워크(외부망/내부망)을 자동식별하여, 그에 맞는 메인화면과 메뉴트리를 동적으로 구성 ○ 모바일 기능은 우리 공사에서 기 운영 중인 '스마트 안전관리' 모바일 앱과 분리하여 별도로 운영할 수 있는 방안 제안 필수 ○ 모바일 기능은 우리 공사의 보안등급(C -Classified, 기밀/S -Sensitive, 민감/O -Open, 공개)을 준용하여 보안성 검토를 받아야 한다 ○ 모바일 기능은 모바일 환경(개인모바일, 지급형 단말기) UI/UX 최적화 ○ 네트워크 음영지역(지하 공동구 등)에서도 점검 결과 입력 및 조회가 가능하도록 오프라인 모드(Data Caching & Sync) 기능 필수 제공 ○ 모바일 보안을 위해 화면 캡처 방지, 루팅 감지 등 공사 모바일 보안 가이드라인 준수 및 MDM 연동 지원 ○ 하이브리드/웹 표준 기반 디바이스 제어: 모바일 웹 환경에서도 현장 업무 처리를 위해 스마트폰의 카메라, GPS, 파일 시스템에 직접 접근할 수 있는 Web API 또는 하이브리드 브릿지 기술을 적용해야 한다. ○ QR/바코드 스캔 및 처리: 별도의 스캐너 장비 없이 스마트폰 카메라를 통해 자재/설비의 QR(바코드)를 인식하고, 즉시 해당 정보 조회 화면으로 이동하거나 데이터를 입력하는 기능을 제공해야 한다. ○ 현장 사진 촬영 및 최적화: 현장에서 점검/보수 내역 작성 시 카메라를 호출하여 사진을 촬영하고, 서버 전송 용량 최적화(리사이징/압축) 후 즉시 첨부하는 기능을 제공해야 한다. ○ 위치 기반(GPS) 작업 통제: 작업자가 실제 현장에 도착했는지 확인하기 위해 GPS 좌표를 수집한다.(GPS 수집 대상 단말기와 대상은 구축시 협의) | H22: ○ 모바일 공통 기능 - 기능 요구사항에서 '모바일'로 표시된 기능은 내부 직원 및 외부(협력사/시공사 등) 직원으로 구분하여 모바일에서 제공 - 모바일은 Android OS 와 iOS 를 지원 - 사용자별 권한 및 역할에 따른 승인 처리 기능 - 승인/이상/공사/작업/예약/주요정보 등의 알림(알람)을 모바일 PUSH로 제공 ○ 모바일 기능은 개인 모바일, 지급형 단말기(내부망 접근) 구성으로 분리하여 제공 - 시스템은 사용자가 접속한 단말기 유형(개인용/지급형)과 네트워크(외부망/내부망)을 자동식별하여, 그에 맞는 메인화면과 메뉴트리를 동적으로 구성 ○ 모바일 기능은 우리 공사에서 기 운영 중인 '스마트 안전관리' 모바일 앱과 분리하여 별도로 운영할 수 있는 방안 제안 필수 ○ 모바일 기능은 우리 공사의 보안등급(C -Classified, 기밀/S -Sensitive, 민감/O -Open, 공개)을 준용하여 보안성 검토를 받아야 한다 ○ 모바일 기능은 모바일 환경(개인모바일, 지급형 단말기) UI/UX 최적화 ○ 네트워크 음영지역(지하 공동구 등)에서도 점검 결과 입력 및 조회가 가능하도록 오프라인 모드(Data Caching & Sync) 기능 필수 제공 ○ 모바일 보안을 위해 화면 캡처 방지, 루팅 감지 등 공사 모바일 보안 가이드라인 준수 및 MDM 연동 지원 ○ 하이브리드/웹 표준 기반 디바이스 제어: 모바일 웹 환경에서도 현장 업무 처리를 위해 스마트폰의 카메라, GPS, 파일 시스템에 직접 접근할 수 있는 Web API 또는 하이브리드 브릿지 기술을 적용해야 한다. ○ QR/바코드 스캔 및 처리: 별도의 스캐너 장비 없이 스마트폰 카메라를 통해 자재/설비의 QR(바코드)를 인식하고, 즉시 해당 정보 조회 화면으로 이동하거나 데이터를 입력하는 기능을 제공해야 한다. ○ 현장 사진 촬영 및 최적화: 현장에서 점검/보수 내역 작성 시 카메라를 호출하여 사진을 촬영하고, 서버 전송 용량 최적화(리사이징/압축) 후 즉시 첨부하는 기능을 제공해야 한다. ○ 위치 기반(GPS) 작업 통제: 작업자가 실제 현장에 도착했는지 확인하기 위해 GPS 좌표를 수집한다.(GPS 수집 대상 단말기와 대상은 구축시 협의)
B23: 산출정보 | D23: =VLOOKUP(D19, '3. 요건기술서 전체'!$B:$L, 9, 0) -> 0 | H23: 0
B24: 관련 요구사항 | D24: =VLOOKUP($D19,'3. 요건기술서 전체'!$B:$L,2,0) -> 0 | H24: 0
B26: 요구사항 분류 | D26: 기능 요구사항 | E26: 응락수준 | F26: =VLOOKUP($D27,'3. 요건기술서 전체'!$B:$L,6,0) -> 필수 | H26: 기능 요구사항
B27: 요구사항 고유번호 | D27: =LEFT(D19,3)&"-"&TEXT(VALUE(RIGHT(D19,3))+1,"000") -> SFR-003 | E27: 모바일 | F27: =IFERROR(TRIM(IF(VLOOKUP($D27,'3. 요건기술서 전체'!$B:$L,10,0)<>"",IF(VLOOKUP($D27,'3. 요건기술서 전체'!$B:$L,10,0)="O", "한난O", IF(VLOOKUP($D27,'3. 요건기술서 전체'!$B:$L,10,0)="X", "한난X", "")),"") & " " &IF(VLOOKUP($D27,'3. 요건기술서 전체'!$B:$L,11,0)<>"",IF(VLOOKUP($D27,'3. 요건기술서 전체'!$B:$L,11,0)="O", "외부O", IF(VLOOKUP($D27,'3. 요건기술서 전체'!$B:$L,11,0)="X", "외부X", "")),"")),"") | H27: SFR-003
B28: 요구사항 명칭 | D28: =VLOOKUP($D27,'3. 요건기술서 전체'!$B:$L,5,0) -> 공통기능 -정보 조회 | H28: 공통기능 -정보 조회
B29: 요구사항 상세설명 | C29: 정의 | D29: =VLOOKUP($D27,'3. 요건기술서 전체'!$B:$L,7,0) -> 정보 조회 기능 | H29: 정보 조회 기능
C30: 세부내용 | D30: =VLOOKUP($D27,'3. 요건기술서 전체'!$B:$L,8,0) -> ○ 정보 조회 기능 - 로그인한 사용자의 소속 지사를 기준으로 자재·설비·작업·공사 등의 정보 조회 - 모든 정보는 사용자의 조회 조건에 따라 소속 지사 정보와 타지사 정보 조회 가능 - 조회 결과로 표시되는 모든 항목에 대해 조회 조건을 설정할 수 있어야 하며, 문자열·숫자·날짜·부울값 등의 범위·값·포함여부조건 등 설정 기능 - 모든 항목에 대한 조건 검색 시, 대용량 데이터 조회 속도 보장을 위한 서버 사이드(Server-side) 필터링 및 인덱싱 최적화 방안 제시 - 협력사 사용자의 메뉴 접근 및 메뉴별 정보 조회·등록·수정 등 권한 설정 기능 - PDF/이미지 파일 등은 다운로드 및 브라우저에서 직접 보기 기능 직접보기 기능 구현을 위한 상용 뷰어 솔루션은 직접구매 제공 예정이며, 시스템과 연계 및 최적화 지원 - 모든 조회 결과는 엑셀 다운로드 기능 제공(모바일 환경 시, 다운로드 기능 제외) - 승인이 필요한 업무의 경우, 승인선관리/진행단계표시/승인/반려 등의 정보 조회 기능(시스템 內 승인 처리 기능) - 우리 공사 전자결재를 활용한 승인 업무의 경우, 전자결재 연계 처리 및 진행상태 조회 기능 - 업무별 우리 공사 보고서 양식을 준수하는 출력 기능 제공 ○ 모바일 기능은 개인 모바일, 지급형 단말기(내부망 접근) 접근에 따라 정보 조회 및 권한 차등 적용 - 개인용 : 보안과 무관한 일반업무 위주의 경량화된 UI 제공(현장점검 입력, 로그시트입력, TM발행, 현장사진 업로드 기능 등) - 지급형 : 현장점검, 설비 및 도면 조회 등 핵심업무 수행을 위한 데이터 중심 UI 제공(VPN 및 공사 보안 규정 및 국정원 가이드라인 준수) ○ 통계 기능 - 주요 기능 및 업무에 대한 통계 정보 제공(통계 대상 및 범위는 사업 수행 시, 협의) - 관리자 또는 사용자의 통계 정보 범위, 대상, 결과, 차트 등의 변경/설정 기능 제공 | H30: ○ 정보 조회 기능 - 로그인한 사용자의 소속 지사를 기준으로 자재·설비·작업·공사 등의 정보 조회 - 모든 정보는 사용자의 조회 조건에 따라 소속 지사 정보와 타지사 정보 조회 가능 - 조회 결과로 표시되는 모든 항목에 대해 조회 조건을 설정할 수 있어야 하며, 문자열·숫자·날짜·부울값 등의 범위·값·포함여부조건 등 설정 기능 - 모든 항목에 대한 조건 검색 시, 대용량 데이터 조회 속도 보장을 위한 서버 사이드(Server-side) 필터링 및 인덱싱 최적화 방안 제시 - 협력사 사용자의 메뉴 접근 및 메뉴별 정보 조회·등록·수정 등 권한 설정 기능 - PDF/이미지 파일 등은 다운로드 및 브라우저에서 직접 보기 기능 직접보기 기능 구현을 위한 상용 뷰어 솔루션은 직접구매 제공 예정이며, 시스템과 연계 및 최적화 지원 - 모든 조회 결과는 엑셀 다운로드 기능 제공(모바일 환경 시, 다운로드 기능 제외) - 승인이 필요한 업무의 경우, 승인선관리/진행단계표시/승인/반려 등의 정보 조회 기능(시스템 內 승인 처리 기능) - 우리 공사 전자결재를 활용한 승인 업무의 경우, 전자결재 연계 처리 및 진행상태 조회 기능 - 업무별 우리 공사 보고서 양식을 준수하는 출력 기능 제공 ○ 모바일 기능은 개인 모바일, 지급형 단말기(내부망 접근) 접근에 따라 정보 조회 및 권한 차등 적용 - 개인용 : 보안과 무관한 일반업무 위주의 경량화된 UI 제공(현장점검 입력, 로그시트입력, TM발행, 현장사진 업로드 기능 등) - 지급형 : 현장점검, 설비 및 도면 조회 등 핵심업무 수행을 위한 데이터 중심 UI 제공(VPN 및 공사 보안 규정 및 국정원 가이드라인 준수) ○ 통계 기능 - 주요 기능 및 업무에 대한 통계 정보 제공(통계 대상 및 범위는 사업 수행 시, 협의) - 관리자 또는 사용자의 통계 정보 범위, 대상, 결과, 차트 등의 변경/설정 기능 제공
B31: 산출정보 | D31: =VLOOKUP(D27, '3. 요건기술서 전체'!$B:$L, 9, 0) -> 0 | H31: 0
B32: 관련 요구사항 | D32: =VLOOKUP($D27,'3. 요건기술서 전체'!$B:$L,2,0) -> 0 | H32: 0
B34: 요구사항 분류 | D34: 기능 요구사항 | E34: 응락수준 | F34: =VLOOKUP($D35,'3. 요건기술서 전체'!$B:$L,6,0) -> 필수 | H34: 기능 요구사항
B35: 요구사항 고유번호 | D35: =LEFT(D27,3)&"-"&TEXT(VALUE(RIGHT(D27,3))+1,"000") -> SFR-004 | E35: 모바일 | F35: =IFERROR(TRIM(IF(VLOOKUP($D35,'3. 요건기술서 전체'!$B:$L,10,0)<>"",IF(VLOOKUP($D35,'3. 요건기술서 전체'!$B:$L,10,0)="O", "한난O", IF(VLOOKUP($D35,'3. 요건기술서 전체'!$B:$L,10,0)="X", "한난X", "")),"") & " " &IF(VLOOKUP($D35,'3. 요건기술서 전체'!$B:$L,11,0)<>"",IF(VLOOKUP($D35,'3. 요건기술서 전체'!$B:$L,11,0)="O", "외부O", IF(VLOOKUP($D35,'3. 요건기술서 전체'!$B:$L,11,0)="X", "외부X", "")),"")),"") | H35: SFR-004
B36: 요구사항 명칭 | D36: =VLOOKUP($D35,'3. 요건기술서 전체'!$B:$L,5,0) -> 사용자 인터페이스(UI/UX) | H36: 사용자 인터페이스(UI/UX)
B37: 요구사항 상세설명 | C37: 정의 | D37: =VLOOKUP($D35,'3. 요건기술서 전체'!$B:$L,7,0) -> 사용자 인터페이스(UI/UX) | H37: 사용자 인터페이스(UI/UX)
C38: 세부내용 | D38: =VLOOKUP($D35,'3. 요건기술서 전체'!$B:$L,8,0) -> ○ 사용자 인터페이스 - 목록 정보는 그리드 형태로 표시하며, 각 열의 그리드 헤더에서 조회 조건(문자열·숫자·날짜·부울값 등) 범위·값·포함여부조건 등 설정 기능 - 조회 결과는 일정량을 우선 표시하고, 스크롤 시 조회 결과 추가(Fetch) 또는 기능 - 조회 결과에서 특정 열 선택 시, 새창/새탭/팝업 등으로 상세 정보 및 연관 정보 표시 기능 - 탭의 경우, 새탭 생성 시 최초 로딩 이후 탭 간 이동 시 로딩 제거(탭별 사용자 새로고침에 의한 로딩) - 탭 방식 인터페이스 구현 시, 다중 탭 오픈에 따른 클라이언트(VDI 환경 포함) 메모리 점유율 최적화 방안(비활성 탭 리소스 관리 등) 제시 - 사용자 즐겨찾기 메뉴 구성 기능 - 사이드 메뉴/상단 메뉴 등 화면을 구성하는 주요 콤포넌트의 보이기/숨기기 기능 - 주요 알림 및 긴급 알람 등은 모든 메뉴의 공통 영역에서 실시간 표시(숫자/리스트/요약정보/상세정보 등)하고 상시 관련 정보 접근 가능 - 주요 입력 항목의 설명 및 도움말 제공(툴팁 등), 필수값 입력 강제 등의 검증 기능 - 사용자 편의성을 보장하는 UI/UX 제공 - 사용자 중심의 UI/UX 설계 - 사용자는 End to End 로 업무프로세스가 진행되는것 을 확인할 수 있도록 상단에 현재 업무과정을 표기하여야한다. - 상단의 업무프로세스 UI를 클릭스 타 레거시의 해당 메뉴로 진입할 수 있도록 URL을 연결한다. - 상단의 업무프로세스 과정에서 타부서의 결재 과정이나, 시스템의 오류사항을 수시로 점검하여 반영한다. ○ 외부망 웹페이지는 협력사의 다양한 PC환경 및 모바일 브라우저를 고려하여 반응형(또는 모바일웹) 등 최적화된 UI/UX를 제공 ○ 전사 UI/UX 표준화를 위한 웹 디자인을 제시하여 업무시스템간 시각적,기능적 통일성을 확보하고 유사한 사용자 경험을 제공 (HTML5 기반 업무포털과 연계하여 포털 중앙화면에서 통합 제공 등) | H38: ○ 사용자 인터페이스 - 목록 정보는 그리드 형태로 표시하며, 각 열의 그리드 헤더에서 조회 조건(문자열·숫자·날짜·부울값 등) 범위·값·포함여부조건 등 설정 기능 - 조회 결과는 일정량을 우선 표시하고, 스크롤 시 조회 결과 추가(Fetch) 또는 기능 - 조회 결과에서 특정 열 선택 시, 새창/새탭/팝업 등으로 상세 정보 및 연관 정보 표시 기능 - 탭의 경우, 새탭 생성 시 최초 로딩 이후 탭 간 이동 시 로딩 제거(탭별 사용자 새로고침에 의한 로딩) - 탭 방식 인터페이스 구현 시, 다중 탭 오픈에 따른 클라이언트(VDI 환경 포함) 메모리 점유율 최적화 방안(비활성 탭 리소스 관리 등) 제시 - 사용자 즐겨찾기 메뉴 구성 기능 - 사이드 메뉴/상단 메뉴 등 화면을 구성하는 주요 콤포넌트의 보이기/숨기기 기능 - 주요 알림 및 긴급 알람 등은 모든 메뉴의 공통 영역에서 실시간 표시(숫자/리스트/요약정보/상세정보 등)하고 상시 관련 정보 접근 가능 - 주요 입력 항목의 설명 및 도움말 제공(툴팁 등), 필수값 입력 강제 등의 검증 기능 - 사용자 편의성을 보장하는 UI/UX 제공 - 사용자 중심의 UI/UX 설계 ○ 외부망 웹페이지는 협력사의 다양한 PC환경 및 모바일 브라우저를 고려하여 반응형(또는 모바일웹) 등 최적화된 UI/UX를 제공 ○ 전사 UI/UX 표준화를 위한 가이드라인 및 디자인을 제시하여 타 시스템 간 시각적·기능적 통일성을 확보하고 유사한 사용자 경험을 제공
B39: 산출정보 | D39: =VLOOKUP(D35, '3. 요건기술서 전체'!$B:$L, 9, 0) -> 메뉴 목록 및 응용기능 차트, 메뉴 구성도, 화면설계서, UI/UX 표준화 계획(안) | H39: 메뉴 목록 및 응용기능 차트, 메뉴 구성도, 화면설계서
B40: 관련 요구사항 | D40: =VLOOKUP($D35,'3. 요건기술서 전체'!$B:$L,2,0) -> 0 | H40: 0
B42: 요구사항 분류 | D42: 기능 요구사항 | E42: 응락수준 | F42: =VLOOKUP($D43,'3. 요건기술서 전체'!$B:$L,6,0) -> 필수 | H42: 기능 요구사항
B43: 요구사항 고유번호 | D43: =LEFT(D35,3)&"-"&TEXT(VALUE(RIGHT(D35,3))+1,"000") -> SFR-005 | E43: 모바일 | F43: =IFERROR(TRIM(IF(VLOOKUP($D43,'3. 요건기술서 전체'!$B:$L,10,0)<>"",IF(VLOOKUP($D43,'3. 요건기술서 전체'!$B:$L,10,0)="O", "한난O", IF(VLOOKUP($D43,'3. 요건기술서 전체'!$B:$L,10,0)="X", "한난X", "")),"") & " " &IF(VLOOKUP($D43,'3. 요건기술서 전체'!$B:$L,11,0)<>"",IF(VLOOKUP($D43,'3. 요건기술서 전체'!$B:$L,11,0)="O", "외부O", IF(VLOOKUP($D43,'3. 요건기술서 전체'!$B:$L,11,0)="X", "외부X", "")),"")),"") -> 한난O 외부X | H43: SFR-005
B44: 요구사항 명칭 | D44: =VLOOKUP($D43,'3. 요건기술서 전체'!$B:$L,5,0) -> 기능위치마스터 관리 | H44: 기능위치마스터 관리
B45: 요구사항 상세설명 | C45: 정의 | D45: =VLOOKUP($D43,'3. 요건기술서 전체'!$B:$L,7,0) -> 기능위치 관리 | H45: 기능위치 관리
C46: 세부내용 | D46: =VLOOKUP($D43,'3. 요건기술서 전체'!$B:$L,8,0) -> ○ 기능위치마스터 관리 - 계층(Hierarchy)형 구조의 기능 위치 관리 및 표시 기능 - 기능위치 등록/수정 등 이력 관리 기능 - 각 기능위치별 명칭, 코드, 속성, 설명 등의 관리 기능 - 각 수준(Level)에 설비마스터 등록(배치)/수정 등 관리 기능 - 기능위치마스터 중복 등록 방지 및 오류 방지 기능(AI 기술 활용 등 제안사 특화 기능 제시) - 설비마스터 등록(배치)/수정/삭제 이력 관리 기능 (CNR-002) - 19개 지사 공통 기능위치 및 개별 기능위치를 포함하는 기능위치 표준화 방안 제시 | H46: ○ 기능위치마스터 관리 - 계층(Hierarchy)형 구조의 기능 위치 관리 및 표시 기능 - 기능위치 등록/수정 등 이력 관리 기능 - 각 기능위치별 명칭, 코드, 속성, 설명 등의 관리 기능 - 각 수준(Level)에 설비마스터 등록(배치)/수정 등 관리 기능 - 기능위치마스터 중복 등록 방지 및 오류 방지 기능(AI 기술 활용 등 제안사 특화 기능 제시) - 설비마스터 등록(배치)/수정/삭제 이력 관리 기능 (CNR-002) - 19개 지사 공통 기능위치 및 개별 기능위치를 포함하는 기능위치 표준화 방안 제시
B47: 산출정보 | D47: =VLOOKUP(D43, '3. 요건기술서 전체'!$B:$L, 9, 0) -> 0 | H47: 0
B48: 관련 요구사항 | D48: =VLOOKUP($D43,'3. 요건기술서 전체'!$B:$L,2,0) -> CNR-002 | H48: CNR-002
B50: 요구사항 분류 | D50: 기능 요구사항 | E50: 응락수준 | F50: =VLOOKUP($D51,'3. 요건기술서 전체'!$B:$L,6,0) -> 필수 | H50: 기능 요구사항
B51: 요구사항 고유번호 | D51: =LEFT(D43,3)&"-"&TEXT(VALUE(RIGHT(D43,3))+1,"000") -> SFR-006 | E51: 모바일 | F51: =IFERROR(TRIM(IF(VLOOKUP($D51,'3. 요건기술서 전체'!$B:$L,10,0)<>"",IF(VLOOKUP($D51,'3. 요건기술서 전체'!$B:$L,10,0)="O", "한난O", IF(VLOOKUP($D51,'3. 요건기술서 전체'!$B:$L,10,0)="X", "한난X", "")),"") & " " &IF(VLOOKUP($D51,'3. 요건기술서 전체'!$B:$L,11,0)<>"",IF(VLOOKUP($D51,'3. 요건기술서 전체'!$B:$L,11,0)="O", "외부O", IF(VLOOKUP($D51,'3. 요건기술서 전체'!$B:$L,11,0)="X", "외부X", "")),"")),"") -> 한난O 외부O | H51: SFR-006
B52: 요구사항 명칭 | D52: =VLOOKUP($D51,'3. 요건기술서 전체'!$B:$L,5,0) -> 설비마스터 관리 | H52: 설비마스터 관리
B53: 요구사항 상세설명 | C53: 정의 | D53: =VLOOKUP($D51,'3. 요건기술서 전체'!$B:$L,7,0) -> 설비마스터 및 설비그룹 관리 | H53: 설비마스터 및 설비그룹 관리
C54: 세부내용 | D54: =VLOOKUP($D51,'3. 요건기술서 전체'!$B:$L,8,0) -> ○ 설비마스터 관리 - 설비마스터 등록/수정 기능(기본정보, 기술정보, 자산정보, 상세정보, 속성정보 등) - 설비마스터 등록/수정 등 이력 관리 기능 - 설비마스터 필수 속성정보의 입력 누락/오기입 방지 유효성 검증 기능 - 설비마스터 중복 등록 방지 및 기능위치 배치 오류 방지 기능(AI 기술 활용 등 제안사 특화 기능 제시) - 설비마스터 속성 정보 중 자재교체 일정, 예방점검 일정 등 주요 일정 도래 시, 알람 발생 기능 - 다수의 연관된 설비마스터로 구성된 설비그룹 관리 기능 - 설비마스터와 연관된 차단기 및 밸브 정보 관리 기능 ○ 기능위치를 활용한 설비마스터 조회 - 기능위치에서 특정 수준(Level) 선택 시, 해당 수준 및 하위 수준에 속한 설비마스터 목록 조회 및 상세 정보 조회 기능 ○ 설비마스터 상세정보 조회 - 설비번호, 설비명, 태그번호, 기능위치명, 설비종류, 상태, 도면번호 등 모든 설비마스터 관리 속성 조회 제공 - TM 이력, Red Tag 이력, 작업이력, 고장이력, 자재사용이력, 설비 BOM, 설계기준서 등 설비마스터와 연관된 정보 조회 기능(새창/새탭/팝업/영역구분 등) - 설비마스터 변경이력(변경자, 변경일시, 변경사유 등) 조회 기능 - 설비마스터와 연관된 스마트 도면 및 일반 문서도면, 기술문서 등 조회 기능 (CNR-002) - 설비마스터 분류체계, 코드체계, 관리속성, 식별체계, 표기표준 등을 포함하는 설비마스터 표준화 방안, DB화 방안 제시 및 수행 용역 포함 (CNR-002) - 19개 지사 설비 현장/현황 조사 및 DB화 용역 포함 | H54: ○ 설비마스터 관리 - 설비마스터 등록/수정 기능(기본정보, 기술정보, 자산정보, 상세정보, 속성정보 등) - 설비마스터 등록/수정 등 이력 관리 기능 - 설비마스터 필수 속성정보의 입력 누락/오기입 방지 유효성 검증 기능 - 설비마스터 중복 등록 방지 및 기능위치 배치 오류 방지 기능(AI 기술 활용 등 제안사 특화 기능 제시) - 설비마스터 속성 정보 중 자재교체 일정, 예방점검 일정 등 주요 일정 도래 시, 알람 발생 기능 - 다수의 연관된 설비마스터로 구성된 설비그룹 관리 기능 - 설비마스터와 연관된 차단기 및 밸브 정보 관리 기능 ○ 기능위치를 활용한 설비마스터 조회 - 기능위치에서 특정 수준(Level) 선택 시, 해당 수준 및 하위 수준에 속한 설비마스터 목록 조회 및 상세 정보 조회 기능 ○ 설비마스터 상세정보 조회 - 설비번호, 설비명, 태그번호, 기능위치명, 설비종류, 상태, 도면번호 등 모든 설비마스터 관리 속성 조회 제공 - TM 이력, Red Tag 이력, 작업이력, 고장이력, 자재사용이력, 설비 BOM, 설계기준서 등 설비마스터와 연관된 정보 조회 기능(새창/새탭/팝업/영역구분 등) - 설비마스터 변경이력(변경자, 변경일시, 변경사유 등) 조회 기능 - 설비마스터와 연관된 스마트 도면 및 일반 문서도면, 기술문서 등 조회 기능 (CNR-002) - 설비마스터 분류체계, 코드체계, 관리속성, 식별체계, 표기표준 등을 포함하는 설비마스터 표준화 방안, DB화 방안 제시 및 수행 용역 포함 (CNR-002) - 19개 지사 설비 현장/현황 조사 및 DB화 용역 포함
B55: 산출정보 | D55: =VLOOKUP(D51, '3. 요건기술서 전체'!$B:$L, 9, 0) -> 0 | H55: 0
B56: 관련 요구사항 | D56: =VLOOKUP($D51,'3. 요건기술서 전체'!$B:$L,2,0) -> CNR-002 | H56: CNR-002
B58: 요구사항 분류 | D58: 기능 요구사항 | E58: 응락수준 | F58: =VLOOKUP($D59,'3. 요건기술서 전체'!$B:$L,6,0) -> 필수 | H58: 기능 요구사항
B59: 요구사항 고유번호 | D59: =LEFT(D51,3)&"-"&TEXT(VALUE(RIGHT(D51,3))+1,"000") -> SFR-007 | E59: 모바일 | F59: =IFERROR(TRIM(IF(VLOOKUP($D59,'3. 요건기술서 전체'!$B:$L,10,0)<>"",IF(VLOOKUP($D59,'3. 요건기술서 전체'!$B:$L,10,0)="O", "한난O", IF(VLOOKUP($D59,'3. 요건기술서 전체'!$B:$L,10,0)="X", "한난X", "")),"") & " " &IF(VLOOKUP($D59,'3. 요건기술서 전체'!$B:$L,11,0)<>"",IF(VLOOKUP($D59,'3. 요건기술서 전체'!$B:$L,11,0)="O", "외부O", IF(VLOOKUP($D59,'3. 요건기술서 전체'!$B:$L,11,0)="X", "외부X", "")),"")),"") -> 한난O 외부X | H59: SFR-007
B60: 요구사항 명칭 | D60: =VLOOKUP($D59,'3. 요건기술서 전체'!$B:$L,5,0) -> 설비 BOM 관리 | H60: 설비 BOM 관리
B61: 요구사항 상세설명 | C61: 정의 | D61: =VLOOKUP($D59,'3. 요건기술서 전체'!$B:$L,7,0) -> 설비 BOM 관리 | H61: 설비 BOM 관리
C62: 세부내용 | D62: =VLOOKUP($D59,'3. 요건기술서 전체'!$B:$L,8,0) -> ○ 설비 BOM 관리 - 설비를 구성하는 설비 BOM(자재마스터/자재패키지 및 구성 수량) 등록/수정/삭제 기능 및 이력관리 기능 - 설비 BOM 생성 시, 동일 설비마스터 또는 유사 설비마스터의 설비 BOM 복제 기능 (CNR-002) - O/H(정기점검보수공사) 대상 설비마스터의 설비 BOM 구성, DB화 방안 제시 및 수행 용역 포함 | H62: ○ 설비 BOM 관리 - 설비를 구성하는 설비 BOM(자재마스터/자재패키지 및 구성 수량) 등록/수정/삭제 기능 및 이력관리 기능 - 설비 BOM 생성 시, 동일 설비마스터 또는 유사 설비마스터의 설비 BOM 복제 기능 (CNR-002) - O/H(정기점검보수공사) 대상 설비마스터의 설비 BOM 구성, DB화 방안 제시 및 수행 용역 포함
B63: 산출정보 | D63: =VLOOKUP(D59, '3. 요건기술서 전체'!$B:$L, 9, 0) -> 0 | H63: 0
B64: 관련 요구사항 | D64: =VLOOKUP($D59,'3. 요건기술서 전체'!$B:$L,2,0) -> CNR-002 | H64: CNR-002
B66: 요구사항 분류 | D66: 기능 요구사항 | E66: 응락수준 | F66: =VLOOKUP($D67,'3. 요건기술서 전체'!$B:$L,6,0) -> 필수 | H66: 기능 요구사항
B67: 요구사항 고유번호 | D67: =LEFT(D59,3)&"-"&TEXT(VALUE(RIGHT(D59,3))+1,"000") -> SFR-008 | E67: 모바일 | F67: =IFERROR(TRIM(IF(VLOOKUP($D67,'3. 요건기술서 전체'!$B:$L,10,0)<>"",IF(VLOOKUP($D67,'3. 요건기술서 전체'!$B:$L,10,0)="O", "한난O", IF(VLOOKUP($D67,'3. 요건기술서 전체'!$B:$L,10,0)="X", "한난X", "")),"") & " " &IF(VLOOKUP($D67,'3. 요건기술서 전체'!$B:$L,11,0)<>"",IF(VLOOKUP($D67,'3. 요건기술서 전체'!$B:$L,11,0)="O", "외부O", IF(VLOOKUP($D67,'3. 요건기술서 전체'!$B:$L,11,0)="X", "외부X", "")),"")),"") -> 한난O 외부X | H67: SFR-008
B68: 요구사항 명칭 | D68: =VLOOKUP($D67,'3. 요건기술서 전체'!$B:$L,5,0) -> 스마트 도면 관리 기능(공통) | H68: 스마트 도면 관리 기능(공통)
B69: 요구사항 상세설명 | C69: 정의 | D69: =VLOOKUP($D67,'3. 요건기술서 전체'!$B:$L,7,0) -> 스마트 도면 관리 기능(공통) | H69: 스마트 도면 관리 기능(공통)
C70: 세부내용 | D70: =VLOOKUP($D67,'3. 요건기술서 전체'!$B:$L,8,0) -> ○ 스마트 도면관리 - 동일 시스템에서 기능을 제공하거나, 별도 시스템으로 기능 제공 가능 - 별도 시스템으로 기능 제공 시, 정보 연계 방안 제시 필수 - 스마트 도면 內, 설비별 실시간 운전 정보 연계 방안 제시 - 스마트 도면의 접근/조회(View)/편집(Edit)/정보수정 등에 필요한 계정 관리 및 권한 관리 기능 제공 - 스마트 도면 조회/편집/정보수정 시, 추가 프로그램 및 플러그인 설치없이 웹 브라우저에서 모든 기능 사용 필수 - 스마트 도면 外, 사용자가 등록한 기타 도면(비전산화 대상 도면) 관리 기능(최신도면제공 및 이력관리) - 스마트 도면의 태그를 활용한 설비마스터(설비명, 설비정보, 정비이력 등) 정보 연결, Red Tag 설계 기능 ○ 전산화(지능화) 도면 外 건설 관련 도면 등 사용자가 선택한 dwg. pdf 도면에 대한 조회(View) 및 편집(Edit), 마킹 기능 제공 - 도면 Mark up 및 편집시 자주 사용하는 아이콘(밸브 닫힘, 열림, 차단기 조작 등)을 제공 ○ PC 및 모바일 환경 지원 - PC 및 모바일(지급형 태블릿)에서 스마트 도면 조회/편집/정보수정 기능 제공 - PC : Microsoft Edge 브라우저에서 모든 기능 제공 - 모바일(지급형 태블릿)에서 도면 접근 시, 우리 공사 MDM(Mobile Device Management) 프로그램 구동 필수 - 모바일 : 기기의 종류 및 해상도에 따라 화면 배치(레이아웃) 등의 유동적 변경 기능 ○ 타 플랫폼간 연계방안 - 스마트 안전관리 플랫폼 정보 연계 | H70: ○ 스마트 도면관리 - 동일 시스템에서 기능을 제공하거나, 별도 시스템으로 기능 제공 가능 - 별도 시스템으로 기능 제공 시, 정보 연계 방안 제시 필수 - 스마트 도면 內, 설비별 실시간 운전 정보 연계 방안 제시 - 스마트 도면의 접근/조회(View)/편집(Edit)/정보수정 등에 필요한 계정 관리 및 권한 관리 기능 제공 - 스마트 도면 조회/편집/정보수정 시, 추가 프로그램 및 플러그인 설치없이 웹 브라우저에서 모든 기능 사용 필수 - 스마트 도면 外, 사용자가 등록한 기타 도면(비전산화 대상 도면) 관리 기능(최신도면제공 및 이력관리) - 스마트 도면의 태그를 활용한 설비마스터(설비명, 설비정보, 정비이력 등) 정보 연결, Red Tag 설계 기능 ○ 전산화(지능화) 도면 外 건설 관련 도면 등 사용자가 선택한 dwg. pdf 도면에 대한 조회(View) 및 편집(Edit), 마킹 기능 제공 - 도면 Mark up 및 편집시 자주 사용하는 아이콘(밸브 닫힘, 열림, 차단기 조작 등)을 제공 ○ PC 및 모바일 환경 지원 - PC 및 모바일(지급형 태블릿)에서 스마트 도면 조회/편집/정보수정 기능 제공 - PC : Microsoft Edge 브라우저에서 모든 기능 제공 - 모바일(지급형 태블릿)에서 도면 접근 시, 우리 공사 MDM(Mobile Device Management) 프로그램 구동 필수 - 모바일 : 기기의 종류 및 해상도에 따라 화면 배치(레이아웃) 등의 유동적 변경 기능 ○ 타 플랫폼간 연계방안 - 스마트 안전관리 플랫폼 정보 연계
B71: 산출정보 | D71: =VLOOKUP(D67, '3. 요건기술서 전체'!$B:$L, 9, 0) -> 0 | H71: 0
B72: 관련 요구사항 | D72: =VLOOKUP($D67,'3. 요건기술서 전체'!$B:$L,2,0) -> 0 | H72: 0
B74: 요구사항 분류 | D74: 기능 요구사항 | E74: 응락수준 | F74: =VLOOKUP($D75,'3. 요건기술서 전체'!$B:$L,6,0) -> 필수 | H74: 기능 요구사항
B75: 요구사항 고유번호 | D75: =LEFT(D67,3)&"-"&TEXT(VALUE(RIGHT(D67,3))+1,"000") -> SFR-009 | E75: 모바일 | F75: =IFERROR(TRIM(IF(VLOOKUP($D75,'3. 요건기술서 전체'!$B:$L,10,0)<>"",IF(VLOOKUP($D75,'3. 요건기술서 전체'!$B:$L,10,0)="O", "한난O", IF(VLOOKUP($D75,'3. 요건기술서 전체'!$B:$L,10,0)="X", "한난X", "")),"") & " " &IF(VLOOKUP($D75,'3. 요건기술서 전체'!$B:$L,11,0)<>"",IF(VLOOKUP($D75,'3. 요건기술서 전체'!$B:$L,11,0)="O", "외부O", IF(VLOOKUP($D75,'3. 요건기술서 전체'!$B:$L,11,0)="X", "외부X", "")),"")),"") | H75: SFR-009
B76: 요구사항 명칭 | D76: =VLOOKUP($D75,'3. 요건기술서 전체'!$B:$L,5,0) -> 스마트 도면 전환 | H76: 스마트 도면 전환
B77: 요구사항 상세설명 | C77: 정의 | D77: =VLOOKUP($D75,'3. 요건기술서 전체'!$B:$L,7,0) -> 스마트 도면 전환 | H77: 스마트 도면 전환
C78: 세부내용 | D78: =VLOOKUP($D75,'3. 요건기술서 전체'!$B:$L,8,0) -> ○ 도면 전산화(지능화) - PDF 또는 이미지 형식의 도면(대상 : P&ID 및 SLD)에서 Tag No, 파이프, 펌프, 설비 BOM 등의 주요 정보 추출, 이를 스마트 도면으로 전환 - 도면 전산화 기술(AI/OCR 등) 제시 - 파일 형태의 관리가 아닌 DB 형태의 스마트 도면 관리 기능 - 도면 전산화 중 발생한 오류/오차 등의 수정 기능 - 향후 추가되는 신규 도면 등록 시, 스마트 도면으로 전환 가능하도록 사용자 맞춤형 기능 제공 ○ 도면 전산화에 필요한 용역 비용 및 방법 제시 - 대상 도면 수 : 5,000 장 ○ 공사 현재 관리중인 비전산화 도면에 대한 관리방안 제시(파일 및 수정이력 관리 등) (CNR-002) - Tag No, 설비 연관 정보, 설비 BOM(자재 리스트 및 수량), 기타 속성 및 단위 정보 등 추출 및 DB화 | H78: ○ 도면 전산화(지능화) - PDF 또는 이미지 형식의 도면(대상 : P&ID 및 SLD)에서 Tag No, 파이프, 펌프, 설비 BOM 등의 주요 정보 추출, 이를 스마트 도면으로 전환 - 도면 전산화 기술(AI/OCR 등) 제시 - 파일 형태의 관리가 아닌 DB 형태의 스마트 도면 관리 기능 - 도면 전산화 중 발생한 오류/오차 등의 수정 기능 - 향후 추가되는 신규 도면 등록 시, 스마트 도면으로 전환 가능하도록 사용자 맞춤형 기능 제공 ○ 도면 전산화에 필요한 용역 비용 및 방법 제시 - 대상 도면 수 : 5,000 장 ○ 공사 현재 관리중인 비전산화 도면에 대한 관리방안 제시(파일 및 수정이력 관리 등) (CNR-002) - Tag No, 설비 연관 정보, 설비 BOM(자재 리스트 및 수량), 기타 속성 및 단위 정보 등 추출 및 DB화
B79: 산출정보 | D79: =VLOOKUP(D75, '3. 요건기술서 전체'!$B:$L, 9, 0) -> 0 | H79: 0
B80: 관련 요구사항 | D80: =VLOOKUP($D75,'3. 요건기술서 전체'!$B:$L,2,0) -> CNR-002 | H80: CNR-002
B82: 요구사항 분류 | D82: 기능 요구사항 | E82: 응락수준 | F82: =VLOOKUP($D83,'3. 요건기술서 전체'!$B:$L,6,0) -> 필수 | H82: 기능 요구사항
B83: 요구사항 고유번호 | D83: =LEFT(D75,3)&"-"&TEXT(VALUE(RIGHT(D75,3))+1,"000") -> SFR-010 | E83: 모바일 | F83: =IFERROR(TRIM(IF(VLOOKUP($D83,'3. 요건기술서 전체'!$B:$L,10,0)<>"",IF(VLOOKUP($D83,'3. 요건기술서 전체'!$B:$L,10,0)="O", "한난O", IF(VLOOKUP($D83,'3. 요건기술서 전체'!$B:$L,10,0)="X", "한난X", "")),"") & " " &IF(VLOOKUP($D83,'3. 요건기술서 전체'!$B:$L,11,0)<>"",IF(VLOOKUP($D83,'3. 요건기술서 전체'!$B:$L,11,0)="O", "외부O", IF(VLOOKUP($D83,'3. 요건기술서 전체'!$B:$L,11,0)="X", "외부X", "")),"")),"") -> 한난O 외부X | H83: SFR-010
B84: 요구사항 명칭 | D84: =VLOOKUP($D83,'3. 요건기술서 전체'!$B:$L,5,0) -> 스마트 도면 편집(Edit) 기능 | H84: 스마트 도면 편집(Edit) 기능
B85: 요구사항 상세설명 | C85: 정의 | D85: =VLOOKUP($D83,'3. 요건기술서 전체'!$B:$L,7,0) -> 스마트 도면 편집(Edit) 기능 | H85: 스마트 도면 편집(Edit) 기능
C86: 세부내용 | D86: =VLOOKUP($D83,'3. 요건기술서 전체'!$B:$L,8,0) -> ○ 도면 편집(Edit) 및 설비마스터 정보 매핑(Mapping) - 설비마스터와 연관된 스마트 도면 제공 - 사용자 권한에 따른 도면 편집 기능 활성화/비활성화 - 쉽고 직관적인 도면 편집 기능 - 우리 공사의 도면번호 관리기준 및 Tag 관리 기준, 속성정보 기준 등 준수 - 도면을 구성하는 모든 구성요소는 기능위치, 분류체계 등 우리 공사 관리 기준을 반영한 계층형 관리 구조 지원 - 도면을 구성하는 모든 구성요소 간 연관관계 관리 기능 - 도면 편집 시, 버전관리/승인/편집자 등의 이력정보와 버전 관리 기능 제공 - 도면 편집 이후, 연관 담당자의 승인 후 반영 기능(도면관리 기준(안) 제시) - 도면 편집 시 동시 수정 방지를 위한 '체크인/체크아웃(Check -in/out)' 또는 '편집 잠금(Locking)' 기능을 필수 제공해야 함. - 도면 내 설비 객체와 설비마스터 DB 간의 '양방향 동기화(Bi -directional Sync)' 또는 '무결성 검증 리포트' 기능을 제공하여 데이터 불일치를 방지해야 함 | H86: ○ 도면 편집(Edit) 및 설비마스터 정보 매핑(Mapping) - 설비마스터와 연관된 스마트 도면 제공 - 사용자 권한에 따른 도면 편집 기능 활성화/비활성화 - 쉽고 직관적인 도면 편집 기능 - 우리 공사의 도면번호 관리기준 및 Tag 관리 기준, 속성정보 기준 등 준수 - 도면을 구성하는 모든 구성요소는 기능위치, 분류체계 등 우리 공사 관리 기준을 반영한 계층형 관리 구조 지원 - 도면을 구성하는 모든 구성요소 간 연관관계 관리 기능 - 도면 편집 시, 버전관리/승인/편집자 등의 이력정보와 버전 관리 기능 제공 - 도면 편집 이후, 연관 담당자의 승인 후 반영 기능(도면관리 기준(안) 제시) - 도면 편집 시 동시 수정 방지를 위한 '체크인/체크아웃(Check -in/out)' 또는 '편집 잠금(Locking)' 기능을 필수 제공해야 함. - 도면 내 설비 객체와 설비마스터 DB 간의 '양방향 동기화(Bi -directional Sync)' 또는 '무결성 검증 리포트' 기능을 제공하여 데이터 불일치를 방지해야 함
B87: 산출정보 | D87: =VLOOKUP(D83, '3. 요건기술서 전체'!$B:$L, 9, 0) -> 0 | H87: 0
B88: 관련 요구사항 | D88: =VLOOKUP($D83,'3. 요건기술서 전체'!$B:$L,2,0) -> 0 | H88: 0
B90: 요구사항 분류 | D90: 기능 요구사항 | E90: 응락수준 | F90: =VLOOKUP($D91,'3. 요건기술서 전체'!$B:$L,6,0) -> 필수 | H90: 기능 요구사항
B91: 요구사항 고유번호 | D91: =LEFT(D83,3)&"-"&TEXT(VALUE(RIGHT(D83,3))+1,"000") -> SFR-011 | E91: 모바일 | F91: =IFERROR(TRIM(IF(VLOOKUP($D91,'3. 요건기술서 전체'!$B:$L,10,0)<>"",IF(VLOOKUP($D91,'3. 요건기술서 전체'!$B:$L,10,0)="O", "한난O", IF(VLOOKUP($D91,'3. 요건기술서 전체'!$B:$L,10,0)="X", "한난X", "")),"") & " " &IF(VLOOKUP($D91,'3. 요건기술서 전체'!$B:$L,11,0)<>"",IF(VLOOKUP($D91,'3. 요건기술서 전체'!$B:$L,11,0)="O", "외부O", IF(VLOOKUP($D91,'3. 요건기술서 전체'!$B:$L,11,0)="X", "외부X", "")),"")),"") -> 한난O 외부X | H91: SFR-011
B92: 요구사항 명칭 | D92: =VLOOKUP($D91,'3. 요건기술서 전체'!$B:$L,5,0) -> 스마트 도면 보기(View) 기능 | H92: 스마트 도면 보기(View) 기능
B93: 요구사항 상세설명 | C93: 정의 | D93: =VLOOKUP($D91,'3. 요건기술서 전체'!$B:$L,7,0) -> 스마트 도면 보기(View) 기능 | H93: 스마트 도면 보기(View) 기능
C94: 세부내용 | D94: =VLOOKUP($D91,'3. 요건기술서 전체'!$B:$L,8,0) -> ○ 도면 조회(View) - 설비마스터와 연관된 도면 접근 기능 - 사용자 권한에 따른 도면 접근 및 조회 - 도면 조회 시, 확대(Zoom), 회전(Pan), 강조(Highlight), 선택(Selection) 등의 기능 제공 - P&ID 및 SLD 의 Tag 및 속성 정보 등의 검색 기능 - Tag No. 기준으로 기타 도면 및 문서 등의 연계 조회 기능 - 전산화된 모든 도면은 파일 다운로드 없이 웹 브라우저 상에서 조회 - 도면 조회 시, 사용자 권한에 따라 편집 기능으로 전환 기능 - 권한에 따른 담당자 노트(Remark) 생성 기능(노트 추가는 도면 버전 관리에서 제외) - 웹 기반 도면 뷰어 도입 시, 벡터(Vector) 방식 렌더링을 지원하여 확대 시에도 깨짐이 없어야 하며, 대용량 도면 로딩 시 타일링(Tiling) 기술 등을 통해 3초 이내 조회 성능을 보장해야 함. ○ 스마트 도면 外, 사용자가 등록한 기타 문서 보기 기능 ○ Multi Window 기능 추가 (여러개의 창을 열어서 동시에 도면 확인 가능) | H94: ○ 도면 조회(View) - 설비마스터와 연관된 도면 접근 기능 - 사용자 권한에 따른 도면 접근 및 조회 - 도면 조회 시, 확대(Zoom), 회전(Pan), 강조(Highlight), 선택(Selection) 등의 기능 제공 - P&ID 및 SLD 의 Tag 및 속성 정보 등의 검색 기능 - Tag No. 기준으로 기타 도면 및 문서 등의 연계 조회 기능 - 전산화된 모든 도면은 파일 다운로드 없이 웹 브라우저 상에서 조회 - 도면 조회 시, 사용자 권한에 따라 편집 기능으로 전환 기능 - 권한에 따른 담당자 노트(Remark) 생성 기능(노트 추가는 도면 버전 관리에서 제외) - 웹 기반 도면 뷰어 도입 시, 벡터(Vector) 방식 렌더링을 지원하여 확대 시에도 깨짐이 없어야 하며, 대용량 도면 로딩 시 타일링(Tiling) 기술 등을 통해 3초 이내 조회 성능을 보장해야 함. ○ 스마트 도면 外, 사용자가 등록한 기타 문서 보기 기능 ○ Multi Window 기능 추가 (여러개의 창을 열어서 동시에 도면 확인 가능)
B95: 산출정보 | D95: =VLOOKUP(D91, '3. 요건기술서 전체'!$B:$L, 9, 0) -> 0 | H95: 0
B96: 관련 요구사항 | D96: =VLOOKUP($D91,'3. 요건기술서 전체'!$B:$L,2,0) -> 0 | H96: 0
B98: 요구사항 분류 | D98: 기능 요구사항 | E98: 응락수준 | F98: =VLOOKUP($D99,'3. 요건기술서 전체'!$B:$L,6,0) -> 필수 | H98: 기능 요구사항
B99: 요구사항 고유번호 | D99: =LEFT(D91,3)&"-"&TEXT(VALUE(RIGHT(D91,3))+1,"000") -> SFR-012 | E99: 모바일 | F99: =IFERROR(TRIM(IF(VLOOKUP($D99,'3. 요건기술서 전체'!$B:$L,10,0)<>"",IF(VLOOKUP($D99,'3. 요건기술서 전체'!$B:$L,10,0)="O", "한난O", IF(VLOOKUP($D99,'3. 요건기술서 전체'!$B:$L,10,0)="X", "한난X", "")),"") & " " &IF(VLOOKUP($D99,'3. 요건기술서 전체'!$B:$L,11,0)<>"",IF(VLOOKUP($D99,'3. 요건기술서 전체'!$B:$L,11,0)="O", "외부O", IF(VLOOKUP($D99,'3. 요건기술서 전체'!$B:$L,11,0)="X", "외부X", "")),"")),"") -> 한난O 외부X | H99: SFR-012
B100: 요구사항 명칭 | D100: =VLOOKUP($D99,'3. 요건기술서 전체'!$B:$L,5,0) -> 자재마스터 관리 | H100: 자재마스터 관리
B101: 요구사항 상세설명 | C101: 정의 | D101: =VLOOKUP($D99,'3. 요건기술서 전체'!$B:$L,7,0) -> 자재마스터 관리 | H101: 자재마스터 관리
C102: 세부내용 | D102: =VLOOKUP($D99,'3. 요건기술서 전체'!$B:$L,8,0) -> ○ 자재마스터 관리 - 자재마스터 관리 대상 : 열원/열수송/열량계 - 자재마스터 등록/수정/조회 기능(기본정보, 기술정보, 자산정보, 상세정보, 속성정보 등) - 자재마스터 등록/수정 등 이력 관리 기능 - 재고자산이 존재하지 않는 자재마스터의 미사용 처리 기능 - 자재마스터 정보는 SAP 자재마스터에 실시간 정보 연계 - SAP 자재마스터의 관리 항목 外, 별도 항목 관리 기능 - 자재마스터 필수 속성정보의 입력 누락/오기입 방지 유효성 검증 기능 - 자재마스터 중복 등록 방지 기능(AI 기술 활용 등 제안사 특화 기능 제시) - 자재 중복 방지를 위한 AI 기술 적용 시, 단순히 이름만 비교하는 것이 아니라 속성(Spec) 값의 유사도까지 비교하는 알고리즘을 제안해야 함. - 다수의 자재마스터와 구성 수량을 관리하는 자재 패키지/세트 기능 - 자재마스터와 연관된 설비마스터/작업이력/공사이력 등의 조회 기능 (CNR-003) 자재마스터 분류체계, 관리 속성정보, 코드체계, 식별체계, 표기표준, 단위표준 등의 표준화 및 DB화 | H102: ○ 자재마스터 관리 - 자재마스터 관리 대상 : 열원/열수송/열량계 - 자재마스터 등록/수정/조회 기능(기본정보, 기술정보, 자산정보, 상세정보, 속성정보 등) - 자재마스터 등록/수정 등 이력 관리 기능 - 재고자산이 존재하지 않는 자재마스터의 미사용 처리 기능 - 자재마스터 정보는 SAP 자재마스터에 실시간 정보 연계 - SAP 자재마스터의 관리 항목 外, 별도 항목 관리 기능 - 자재마스터 필수 속성정보의 입력 누락/오기입 방지 유효성 검증 기능 - 자재마스터 중복 등록 방지 기능(AI 기술 활용 등 제안사 특화 기능 제시) - 자재 중복 방지를 위한 AI 기술 적용 시, 단순히 이름만 비교하는 것이 아니라 속성(Spec) 값의 유사도까지 비교하는 알고리즘을 제안해야 함. - 다수의 자재마스터와 구성 수량을 관리하는 자재 패키지/세트 기능 - 자재마스터와 연관된 설비마스터/작업이력/공사이력 등의 조회 기능 (CNR-003) 자재마스터 분류체계, 관리 속성정보, 코드체계, 식별체계, 표기표준, 단위표준 등의 표준화 및 DB화
B103: 산출정보 | D103: =VLOOKUP(D99, '3. 요건기술서 전체'!$B:$L, 9, 0) -> 0 | H103: 0
B104: 관련 요구사항 | D104: =VLOOKUP($D99,'3. 요건기술서 전체'!$B:$L,2,0) -> CNR-003 | H104: CNR-003
B106: 요구사항 분류 | D106: 기능 요구사항 | E106: 응락수준 | F106: =VLOOKUP($D107,'3. 요건기술서 전체'!$B:$L,6,0) -> 필수 | H106: 기능 요구사항
B107: 요구사항 고유번호 | D107: =LEFT(D99,3)&"-"&TEXT(VALUE(RIGHT(D99,3))+1,"000") -> SFR-013 | E107: 모바일 | F107: =IFERROR(TRIM(IF(VLOOKUP($D107,'3. 요건기술서 전체'!$B:$L,10,0)<>"",IF(VLOOKUP($D107,'3. 요건기술서 전체'!$B:$L,10,0)="O", "한난O", IF(VLOOKUP($D107,'3. 요건기술서 전체'!$B:$L,10,0)="X", "한난X", "")),"") & " " &IF(VLOOKUP($D107,'3. 요건기술서 전체'!$B:$L,11,0)<>"",IF(VLOOKUP($D107,'3. 요건기술서 전체'!$B:$L,11,0)="O", "외부O", IF(VLOOKUP($D107,'3. 요건기술서 전체'!$B:$L,11,0)="X", "외부X", "")),"")),"") -> 한난O 외부O | H107: SFR-013
B108: 요구사항 명칭 | D108: =VLOOKUP($D107,'3. 요건기술서 전체'!$B:$L,5,0) -> 자재관리 | H108: 자재관리
B109: 요구사항 상세설명 | C109: 정의 | D109: =VLOOKUP($D107,'3. 요건기술서 전체'!$B:$L,7,0) -> 자재관리(공통) | H109: 자재관리(공통)
C110: 세부내용 | D110: =VLOOKUP($D107,'3. 요건기술서 전체'!$B:$L,8,0) -> ○ 자재관리(공통) - 자재·공기구 구매요청/재고/전용/환입/불용 등의 처리 기능 - 자재관리 기능은 SAP 와 실시간 정보 연계(SAP 관리 영역 外 정보는 연계 제외) - 자재관리(회계, 재무)를 위한 통계분석 기능(SAP 연계 필수) - 건설공사 등 준공을 위한 자재 정산(부분, 종합) 기능 - 필요 시 전자계약 및 전자결재 등과의 실시간 정보 연계 - SAP 자산관리번호(이하, 자산번호)를 활용한 개별자재 관리 기능(1자재 1태그) - 개별자재 대상 : 예비품, 저장품, 수리부분품, 비저장품, 보수소모품, 사급자재 - 지사 -자재마스터 -자산번호 -구매번호 -개별자재 등의 연관 정보를 관리 - 소속지사 外, 타지사 자재 조회 기능 - 지사 창고별 자재재고/가용재고/안전재고 수량 조회 기능 - 사용자 지정 자재별 재주문 필요 시점 설정 관리 및 알림 기능 - 개별자재를 위한 QR 코드 발행·출력 기능(QR 코드에는 시스템 식별자만 인코딩) - 개별자재 QR 코드 발행 대상 : 열원/열량계 - 검토사항 : 정확한 자재의 수량 및 범위 확정 필요 - QR 코드 출력 이력 관리 기능 - QR 코드 프린터(19ea, 19개 지사 창고 비치) 및 QR 코드 출력용지(지사별 자재 10,000개 대상) 납품 포함 (QR 프린터) - Thermal Transfer(열전사) 방식 지원, 해상도 300dpi 이상, 최대 인쇄폭 104mm 이상, 인쇄속도 150mm/s 이상, USB 및 Ethernet 인터페이스 제공, 라벨인쇄를 위한 Gap 및 Black Mark 센서 지원, 표준 프린팅 언어(ZPL/EPL/TSPL 중 1개 이상) 또는 동급의 외부 연동 인터페이스를 제공, 리본 왁스레진/레진 등급 사용 가능, 합성지(PP/PET) 라벨 인쇄 지원) - QR 코드는 프린터와 모바일 장비를 OTG(On -The -Go)로 연결하여 출력 ※ 공사 보안규정상 건물 내 WIFI 연결이 불가. - 모바일 장비에서 재물조사 대상 자재조회 후, QR 코드 인식으로 재물조사 처리 기능(다수·동일 자재의 경우 수량으로 일괄처리) - 모바일 앱에서 QR 코드 인식 시, 자재 상세정보 제공 기능 (CNR-003) - 개별자재에 QR 코드 출력 및 부착 용역 포함(부착 불가 시, 고리형 부착 등의 방법 제시) (CNR-003) - 재고자재 실물 현장/현황 조사 및 DB화 용역 포함 | H110: ○ 자재관리(공통) - 자재·공기구 구매요청/재고/전용/환입/불용 등의 처리 기능 - 자재관리 기능은 SAP 와 실시간 정보 연계(SAP 관리 영역 外 정보는 연계 제외) - 필요 시 전자계약 및 전자결재 등과의 실시간 정보 연계 - SAP 자산관리번호(이하, 자산번호)를 활용한 개별자재 관리 기능(1자재 1태그) - 개별자재 대상 : 예비품, 저장품, 수리부분품, 비저장품, 보수소모품 - 지사 -자재마스터 -자산번호 -구매번호 -개별자재 등의 연관 정보를 관리 - 소속지사 外, 타지사 자재 조회 기능 - 지사 창고별 자재재고/가용재고/안전재고 수량 조회 기능 - 사용자 지정 자재별 재주문 필요 시점 설정 관리 및 알림 기능 - 개별자재를 위한 QR 코드 발행·출력 기능(QR 코드에는 시스템 식별자만 인코딩) - 개별자재 QR 코드 발행 대상 : 열원/열량계 - 검토사항 : 정확한 자재의 수량 및 범위 확정 필요 - QR 코드 출력 이력 관리 기능 - QR 코드 프린터(19ea, 19개 지사 창고 비치) 및 QR 코드 출력용지(지사별 자재 10,000개 대상) 납품 포함 (QR 프린터) - Thermal Transfer(열전사) 방식 지원, 해상도 300dpi 이상, 최대 인쇄폭 104mm 이상, 인쇄속도 150mm/s 이상, USB 및 Ethernet 인터페이스 제공, 라벨인쇄를 위한 Gap 및 Black Mark 센서 지원, 표준 프린팅 언어(ZPL/EPL/TSPL 중 1개 이상) 또는 동급의 외부 연동 인터페이스를 제공, 리본 왁스레진/레진 등급 사용 가능, 합성지(PP/PET) 라벨 인쇄 지원) - QR 코드는 프린터와 모바일 장비를 OTG(On -The -Go)로 연결하여 출력 ※ 공사 보안규정상 건물 내 WIFI 연결이 불가. - 모바일 장비에서 재물조사 대상 자재조회 후, QR 코드 인식으로 재물조사 처리 기능(다수·동일 자재의 경우 수량으로 일괄처리) - 모바일 앱에서 QR 코드 인식 시, 자재 상세정보 제공 기능 (CNR-003) - 개별자재에 QR 코드 출력 및 부착 용역 포함(부착 불가 시, 고리형 부착 등의 방법 제시) (CNR-003) - 재고자재 실물 현장/현황 조사 및 DB화 용역 포함
B111: 산출정보 | D111: =VLOOKUP(D107, '3. 요건기술서 전체'!$B:$L, 9, 0) -> 0 | H111: 0
B112: 관련 요구사항 | D112: =VLOOKUP($D107,'3. 요건기술서 전체'!$B:$L,2,0) -> CNR-003 | H112: CNR-003
B114: 요구사항 분류 | D114: 기능 요구사항 | E114: 응락수준 | F114: =VLOOKUP($D115,'3. 요건기술서 전체'!$B:$L,6,0) -> 필수 | H114: 기능 요구사항
B115: 요구사항 고유번호 | D115: =LEFT(D107,3)&"-"&TEXT(VALUE(RIGHT(D107,3))+1,"000") -> SFR-014 | E115: 모바일 | F115: =IFERROR(TRIM(IF(VLOOKUP($D115,'3. 요건기술서 전체'!$B:$L,10,0)<>"",IF(VLOOKUP($D115,'3. 요건기술서 전체'!$B:$L,10,0)="O", "한난O", IF(VLOOKUP($D115,'3. 요건기술서 전체'!$B:$L,10,0)="X", "한난X", "")),"") & " " &IF(VLOOKUP($D115,'3. 요건기술서 전체'!$B:$L,11,0)<>"",IF(VLOOKUP($D115,'3. 요건기술서 전체'!$B:$L,11,0)="O", "외부O", IF(VLOOKUP($D115,'3. 요건기술서 전체'!$B:$L,11,0)="X", "외부X", "")),"")),"") -> 한난O 외부O | H115: SFR-014
...

Sheet 3. 요건기술서 전체
A1: ■ 시스템 기능별 세부 활동단위 정의
A2: ID | E2: Level 1. 단위업무 시스템 | F2: Level 2. 시스템 주요 기능 | G2: 응락수준 | H2: 정의 | I2: 요구사항 상세설명 | J2: 산출정보 | K2: 모바일 | M2: 참고자료 (TO -BE모델 정의서, 건설정보시스템 RFP 등) | N2: 비고
A3: 요구사항 분류 | B3: 요구사항 고유번호 | C3: 관련 요구사항 고유번호 | D3: 관련 요구사항 명칭 | E3: (구분) | F3: (요구사항 명칭) | K3: 한국지역난방공사 | L3: 외부(협력사/시공사 등)
A4: ECR | B4: =A4&"-"&TEXT(COUNTIF($A$4:$A4, A4), "000") -> ECR-001 | D4: =IFERROR(VLOOKUP(C4,B:F,5,0),"") | E4: 시스템 요구사항 | F4: 공통기능 -인프라 구성 표준 | G4: 필수 | H4: 인프라 구성 표준 | I4: ○ IT 인프라 구성 표준 - OS : RHEL 9.4 이상 - JDK : OpenJDK 17 이상 - WEB : nginx 1.28 이상 - WAS : Tomcat 9 이상 - DB : Oracle 19c (Standard) ○ 개발환경 구성 표준 - 전자정부프레임워크 기반 개발환경 준수 ○ IT 인프라 구성 표준 준수 시, 우리 공사의 가상서버 제공 및 운영 지원 ○ IT 인프라 구성 표준 및 개발환경 구성 표준 미준수 시, 제안사 직접 납품 및 운영·유지보수 방안 제시 필수 ○ WEB/WAS/DB 등의 운영 Port는 우리 공사가 지정한 Port로 변경 운영 필수(Well -Known Port 사용 불가) ○ 우리 공사 직원의 업무환경인 가상 데스크탑 환경(VDI. 이하, 내부 업무환경)에서 속도 저하 및 지연없이 모든 서비스 제공 ○ Microsoft Edge 브라우저에서 추가 프로그램(플러그인 등) 설치없이 모든 기능 제공 | J4: 아키텍쳐 설계서 | M4: XI. 시스템 구성도(IT 인프라)
A5: SFR | B5: =A5&"-"&TEXT(COUNTIF($A$4:$A5, A5), "000") -> SFR-001 | D5: =IFERROR(VLOOKUP(C5,B:F,5,0),"") | E5: 공통 | F5: 공통기능 -계정 및 권한 | G5: 필수 | H5: 계정 및 권한 | I5: ○ 계정 및 권한관리 - 로그인 계정별 관리자 권한과 사용자 권한 관리 기능 - 관리자 권한으로 권한 그룹 관리 및 주요 시스템 설정 수행 - 사용자별 권한 및 역할에 따른 관리 기능(메뉴접근/승인/조회/공사/작업/예약/주요정보 등) - 외부 협력사 계정은 계약 기간에 따른 '사용 유효기간(Expiry Date)' 설정 기능을 필수 제공하고, 기간 만료 시 자동 잠금(Lock) 처리되어야 함 - 계약 만료일 이전에 사전 만료일 통보 및 자동 연장 기능 제공 ○ 로그인 시 보직 선택 기능 제공 - 인사 시스템의 '부서' 정보만으로는 사용자의 구체적인 수행 업무(기계/전기/제어/안전 등)를 식별할 수 없으므로, 최초 로그인 또는 권한 변경 필요 시 사용자가 자신의 '보직(Role)'을 직접 선택할 수 있는 팝업 화면을 제공해야 한다. ○ 보직 선택에 따른 권한 자동 매핑 - 사용자가 선택한 보직에 따라, 사전에 정의된 '권한 그룹(Role)'과 '메뉴 접근 권한'이 즉시 시스템에 반영되어야 한다. ○ 다중 보직 및 겸직 지원 - 2개 이상의 보직을 수행하는 겸직 사용자(파견 등) 를 위해, 로그인 후에도 상단 메뉴바 등을 통해 보직(Workspace) 전환이 가능하도록 구현해야 한다. ○ 보직 변경 이력 관리 - 사용자가 보직을 선택하거나 변경한 이력(변경일시, 변경 전/후 보직, 접속 IP 등)은 시스템에 기록 및 보관되어야 한다. ○ 동일 ID 중복 역할인 경우, 한 번에 처리 - 두 가지 이상 직책을 동일 직원이 중복해서 맡을 경우, 중복업무를 한 번에 처리(동일 ID로 검토 시 동일 문건 중 한 건이 처리되면 다른 건도 자동으로 처리) EX) (당초) 홍길동 기안 – 홍길동 팀장 – OOO 부장 -> (변경) 홍길동 기안 – (생략) – OOO 부장 ○ Project OBS 설정 방법 - 인사발령 등으로 인한 변경시 즉시 반영될 수 있도록 OBS(Organization Breakdown Structure) 설정 방법에 대한 개선 - 관리자가 변경되는 조직에 맞게 OBS를 유동적으로 변경할 수 있도록 설정 가능 | J5: 메뉴구성 및 권한정의서 | M5: I. 스마트 유지보수, 자재관리 시스템
A6: SFR | B6: =A6&"-"&TEXT(COUNTIF($A$4:$A6, A6), "000") -> SFR-002 | D6: =IFERROR(VLOOKUP(C6,B:F,5,0),"") | E6: 공통 | F6: 공통기능 -모바일 | G6: 필수 | H6: 모바일 공통 기능 | I6: ○ 모바일 공통 기능 - 기능 요구사항에서 '모바일'로 표시된 기능은 내부 직원 및 외부(협력사/시공사 등) 직원으로 구분하여 모바일에서 제공 - 모바일은 Android OS 와 iOS 를 지원 - 사용자별 권한 및 역할에 따른 승인 처리 기능 - 승인/이상/공사/작업/예약/주요정보 등의 알림(알람)을 모바일 PUSH로 제공 ○ 모바일 기능은 개인 모바일, 지급형 단말기(내부망 접근) 구성으로 분리하여 제공 - 시스템은 사용자가 접속한 단말기 유형(개인용/지급형)과 네트워크(외부망/내부망)을 자동식별하여, 그에 맞는 메인화면과 메뉴트리를 동적으로 구성 ○ 모바일 기능은 우리 공사에서 기 운영 중인 '스마트 안전관리' 모바일 앱과 분리하여 별도로 운영할 수 있는 방안 제안 필수 ○ 모바일 기능은 우리 공사의 보안등급(C -Classified, 기밀/S -Sensitive, 민감/O -Open, 공개)을 준용하여 보안성 검토를 받아야 한다 ○ 모바일 기능은 모바일 환경(개인모바일, 지급형 단말기) UI/UX 최적화 ○ 네트워크 음영지역(지하 공동구 등)에서도 점검 결과 입력 및 조회가 가능하도록 오프라인 모드(Data Caching & Sync) 기능 필수 제공 ○ 모바일 보안을 위해 화면 캡처 방지, 루팅 감지 등 공사 모바일 보안 가이드라인 준수 및 MDM 연동 지원 ○ 하이브리드/웹 표준 기반 디바이스 제어: 모바일 웹 환경에서도 현장 업무 처리를 위해 스마트폰의 카메라, GPS, 파일 시스템에 직접 접근할 수 있는 Web API 또는 하이브리드 브릿지 기술을 적용해야 한다. ○ QR/바코드 스캔 및 처리: 별도의 스캐너 장비 없이 스마트폰 카메라를 통해 자재/설비의 QR(바코드)를 인식하고, 즉시 해당 정보 조회 화면으로 이동하거나 데이터를 입력하는 기능을 제공해야 한다. ○ 현장 사진 촬영 및 최적화: 현장에서 점검/보수 내역 작성 시 카메라를 호출하여 사진을 촬영하고, 서버 전송 용량 최적화(리사이징/압축) 후 즉시 첨부하는 기능을 제공해야 한다. ○ 위치 기반(GPS) 작업 통제: 작업자가 실제 현장에 도착했는지 확인하기 위해 GPS 좌표를 수집한다.(GPS 수집 대상 단말기와 대상은 구축시 협의) | M6: I. 스마트 유지보수, 자재관리 시스템
A7: SFR | B7: =A7&"-"&TEXT(COUNTIF($A$4:$A7, A7), "000") -> SFR-003 | D7: =IFERROR(VLOOKUP(C7,B:F,5,0),"") | E7: 공통 | F7: 공통기능 -정보 조회 | G7: 필수 | H7: 정보 조회 기능 | I7: ○ 정보 조회 기능 - 로그인한 사용자의 소속 지사를 기준으로 자재·설비·작업·공사 등의 정보 조회 - 모든 정보는 사용자의 조회 조건에 따라 소속 지사 정보와 타지사 정보 조회 가능 - 조회 결과로 표시되는 모든 항목에 대해 조회 조건을 설정할 수 있어야 하며, 문자열·숫자·날짜·부울값 등의 범위·값·포함여부조건 등 설정 기능 - 모든 항목에 대한 조건 검색 시, 대용량 데이터 조회 속도 보장을 위한 서버 사이드(Server-side) 필터링 및 인덱싱 최적화 방안 제시 - 협력사 사용자의 메뉴 접근 및 메뉴별 정보 조회·등록·수정 등 권한 설정 기능 - PDF/이미지 파일 등은 다운로드 및 브라우저에서 직접 보기 기능 직접보기 기능 구현을 위한 상용 뷰어 솔루션은 직접구매 제공 예정이며, 시스템과 연계 및 최적화 지원 - 모든 조회 결과는 엑셀 다운로드 기능 제공(모바일 환경 시, 다운로드 기능 제외) - 승인이 필요한 업무의 경우, 승인선관리/진행단계표시/승인/반려 등의 정보 조회 기능(시스템 內 승인 처리 기능) - 우리 공사 전자결재를 활용한 승인 업무의 경우, 전자결재 연계 처리 및 진행상태 조회 기능 - 업무별 우리 공사 보고서 양식을 준수하는 출력 기능 제공 ○ 모바일 기능은 개인 모바일, 지급형 단말기(내부망 접근) 접근에 따라 정보 조회 및 권한 차등 적용 - 개인용 : 보안과 무관한 일반업무 위주의 경량화된 UI 제공(현장점검 입력, 로그시트입력, TM발행, 현장사진 업로드 기능 등) - 지급형 : 현장점검, 설비 및 도면 조회 등 핵심업무 수행을 위한 데이터 중심 UI 제공(VPN 및 공사 보안 규정 및 국정원 가이드라인 준수) ○ 통계 기능 - 주요 기능 및 업무에 대한 통계 정보 제공(통계 대상 및 범위는 사업 수행 시, 협의) - 관리자 또는 사용자의 통계 정보 범위, 대상, 결과, 차트 등의 변경/설정 기능 제공 | M7: I. 스마트 유지보수, 자재관리 시스템
A8: SFR | B8: =A8&"-"&TEXT(COUNTIF($A$4:$A8, A8), "000") -> SFR-004 | D8: =IFERROR(VLOOKUP(C8,B:F,5,0),"") | E8: 공통 | F8: 사용자 인터페이스(UI/UX) | G8: 필수 | H8: 사용자 인터페이스(UI/UX) | I8: ○ 사용자 인터페이스 - 목록 정보는 그리드 형태로 표시하며, 각 열의 그리드 헤더에서 조회 조건(문자열·숫자·날짜·부울값 등) 범위·값·포함여부조건 등 설정 기능 - 조회 결과는 일정량을 우선 표시하고, 스크롤 시 조회 결과 추가(Fetch) 또는 기능 - 조회 결과에서 특정 열 선택 시, 새창/새탭/팝업 등으로 상세 정보 및 연관 정보 표시 기능 - 탭의 경우, 새탭 생성 시 최초 로딩 이후 탭 간 이동 시 로딩 제거(탭별 사용자 새로고침에 의한 로딩) - 탭 방식 인터페이스 구현 시, 다중 탭 오픈에 따른 클라이언트(VDI 환경 포함) 메모리 점유율 최적화 방안(비활성 탭 리소스 관리 등) 제시 - 사용자 즐겨찾기 메뉴 구성 기능 - 사이드 메뉴/상단 메뉴 등 화면을 구성하는 주요 콤포넌트의 보이기/숨기기 기능 - 주요 알림 및 긴급 알람 등은 모든 메뉴의 공통 영역에서 실시간 표시(숫자/리스트/요약정보/상세정보 등)하고 상시 관련 정보 접근 가능 - 주요 입력 항목의 설명 및 도움말 제공(툴팁 등), 필수값 입력 강제 등의 검증 기능 - 사용자 편의성을 보장하는 UI/UX 제공 - 사용자 중심의 UI/UX 설계 - 사용자는 End to End 로 업무프로세스가 진행되는것 을 확인할 수 있도록 상단에 현재 업무과정을 표기하여야한다. - 상단의 업무프로세스 UI를 클릭스 타 레거시의 해당 메뉴로 진입할 수 있도록 URL을 연결한다. - 상단의 업무프로세스 과정에서 타부서의 결재 과정이나, 시스템의 오류사항을 수시로 점검하여 반영한다. ○ 외부망 웹페이지는 협력사의 다양한 PC환경 및 모바일 브라우저를 고려하여 반응형(또는 모바일웹) 등 최적화된 UI/UX를 제공 ○ 전사 UI/UX 표준화를 위한 웹 디자인을 제시하여 업무시스템간 시각적,기능적 통일성을 확보하고 유사한 사용자 경험을 제공 (HTML5 기반 업무포털과 연계하여 포털 중앙화면에서 통합 제공 등) | J8: 메뉴 목록 및 응용기능 차트, 메뉴 구성도, 화면설계서, UI/UX 표준화 계획(안) | M8: III. 사용자 인터페이스(UI) | N8: 일상감사 사전검토 반영
A9: SFR | B9: =A9&"-"&TEXT(COUNTIF($A$4:$A9, A9), "000") -> SFR-005 | C9: =B142 -> CNR-002 | D9: =IFERROR(VLOOKUP(C9,B:F,5,0),"") -> 설비 표준화 및 DB화 | E9: 설비관리 | F9: 기능위치마스터 관리 | G9: 필수 | H9: 기능위치 관리 | I9: ○ 기능위치마스터 관리 - 계층(Hierarchy)형 구조의 기능 위치 관리 및 표시 기능 - 기능위치 등록/수정 등 이력 관리 기능 - 각 기능위치별 명칭, 코드, 속성, 설명 등의 관리 기능 - 각 수준(Level)에 설비마스터 등록(배치)/수정 등 관리 기능 - 기능위치마스터 중복 등록 방지 및 오류 방지 기능(AI 기술 활용 등 제안사 특화 기능 제시) - 설비마스터 등록(배치)/수정/삭제 이력 관리 기능 (CNR-002) - 19개 지사 공통 기능위치 및 개별 기능위치를 포함하는 기능위치 표준화 방안 제시 | K9: O | L9: X | M9: VII. 설비관리
A10: SFR | B10: =A10&"-"&TEXT(COUNTIF($A$4:$A10, A10), "000") -> SFR-006 | C10: =B142 -> CNR-002 | D10: =IFERROR(VLOOKUP(C10,B:F,5,0),"") -> 설비 표준화 및 DB화 | E10: 설비관리 | F10: 설비마스터 관리 | G10: 필수 | H10: 설비마스터 및 설비그룹 관리 | I10: ○ 설비마스터 관리 - 설비마스터 등록/수정 기능(기본정보, 기술정보, 자산정보, 상세정보, 속성정보 등) - 설비마스터 등록/수정 등 이력 관리 기능 - 설비마스터 필수 속성정보의 입력 누락/오기입 방지 유효성 검증 기능 - 설비마스터 중복 등록 방지 및 기능위치 배치 오류 방지 기능(AI 기술 활용 등 제안사 특화 기능 제시) - 설비마스터 속성 정보 중 자재교체 일정, 예방점검 일정 등 주요 일정 도래 시, 알람 발생 기능 - 다수의 연관된 설비마스터로 구성된 설비그룹 관리 기능 - 설비마스터와 연관된 차단기 및 밸브 정보 관리 기능 ○ 기능위치를 활용한 설비마스터 조회 - 기능위치에서 특정 수준(Level) 선택 시, 해당 수준 및 하위 수준에 속한 설비마스터 목록 조회 및 상세 정보 조회 기능 ○ 설비마스터 상세정보 조회 - 설비번호, 설비명, 태그번호, 기능위치명, 설비종류, 상태, 도면번호 등 모든 설비마스터 관리 속성 조회 제공 - TM 이력, Red Tag 이력, 작업이력, 고장이력, 자재사용이력, 설비 BOM, 설계기준서 등 설비마스터와 연관된 정보 조회 기능(새창/새탭/팝업/영역구분 등) - 설비마스터 변경이력(변경자, 변경일시, 변경사유 등) 조회 기능 - 설비마스터와 연관된 스마트 도면 및 일반 문서도면, 기술문서 등 조회 기능 (CNR-002) - 설비마스터 분류체계, 코드체계, 관리속성, 식별체계, 표기표준 등을 포함하는 설비마스터 표준화 방안, DB화 방안 제시 및 수행 용역 포함 (CNR-002) - 19개 지사 설비 현장/현황 조사 및 DB화 용역 포함 | K10: O | L10: O | M10: VII. 설비관리
A11: SFR | B11: =A11&"-"&TEXT(COUNTIF($A$4:$A11, A11), "000") -> SFR-007 | C11: =B142 -> CNR-002 | D11: =IFERROR(VLOOKUP(C11,B:F,5,0),"") -> 설비 표준화 및 DB화 | E11: 설비관리 | F11: 설비 BOM 관리 | G11: 필수 | H11: 설비 BOM 관리 | I11: ○ 설비 BOM 관리 - 설비를 구성하는 설비 BOM(자재마스터/자재패키지 및 구성 수량) 등록/수정/삭제 기능 및 이력관리 기능 - 설비 BOM 생성 시, 동일 설비마스터 또는 유사 설비마스터의 설비 BOM 복제 기능 (CNR-002) - O/H(정기점검보수공사) 대상 설비마스터의 설비 BOM 구성, DB화 방안 제시 및 수행 용역 포함 | K11: O | L11: X | M11: VII. 설비관리
A12: SFR | B12: =A12&"-"&TEXT(COUNTIF($A$4:$A12, A12), "000") -> SFR-008 | D12: =IFERROR(VLOOKUP(C12,B:F,5,0),"") | E12: 스마트도면 | F12: 스마트 도면 관리 기능(공통) | G12: 필수 | H12: 스마트 도면 관리 기능(공통) | I12: ○ 스마트 도면관리 - 동일 시스템에서 기능을 제공하거나, 별도 시스템으로 기능 제공 가능 - 별도 시스템으로 기능 제공 시, 정보 연계 방안 제시 필수 - 스마트 도면 內, 설비별 실시간 운전 정보 연계 방안 제시 - 스마트 도면의 접근/조회(View)/편집(Edit)/정보수정 등에 필요한 계정 관리 및 권한 관리 기능 제공 - 스마트 도면 조회/편집/정보수정 시, 추가 프로그램 및 플러그인 설치없이 웹 브라우저에서 모든 기능 사용 필수 - 스마트 도면 外, 사용자가 등록한 기타 도면(비전산화 대상 도면) 관리 기능(최신도면제공 및 이력관리) - 스마트 도면의 태그를 활용한 설비마스터(설비명, 설비정보, 정비이력 등) 정보 연결, Red Tag 설계 기능 ○ 전산화(지능화) 도면 外 건설 관련 도면 등 사용자가 선택한 dwg. pdf 도면에 대한 조회(View) 및 편집(Edit), 마킹 기능 제공 - 도면 Mark up 및 편집시 자주 사용하는 아이콘(밸브 닫힘, 열림, 차단기 조작 등)을 제공 ○ PC 및 모바일 환경 지원 - PC 및 모바일(지급형 태블릿)에서 스마트 도면 조회/편집/정보수정 기능 제공 - PC : Microsoft Edge 브라우저에서 모든 기능 제공 - 모바일(지급형 태블릿)에서 도면 접근 시, 우리 공사 MDM(Mobile Device Management) 프로그램 구동 필수 - 모바일 : 기기의 종류 및 해상도에 따라 화면 배치(레이아웃) 등의 유동적 변경 기능 ○ 타 플랫폼간 연계방안 - 스마트 안전관리 플랫폼 정보 연계 | K12: O | L12: X | M12: VI. 스마트 도면관리
A13: SFR | B13: =A13&"-"&TEXT(COUNTIF($A$4:$A13, A13), "000") -> SFR-009 | C13: =B142 -> CNR-002 | D13: =IFERROR(VLOOKUP(C13,B:F,5,0),"") -> 설비 표준화 및 DB화 | E13: 스마트도면 | F13: 스마트 도면 전환 | G13: 필수 | H13: 스마트 도면 전환 | I13: ○ 도면 전산화(지능화) - PDF 또는 이미지 형식의 도면(대상 : P&ID 및 SLD)에서 Tag No, 파이프, 펌프, 설비 BOM 등의 주요 정보 추출, 이를 스마트 도면으로 전환 - 도면 전산화 기술(AI/OCR 등) 제시 - 파일 형태의 관리가 아닌 DB 형태의 스마트 도면 관리 기능 - 도면 전산화 중 발생한 오류/오차 등의 수정 기능 - 향후 추가되는 신규 도면 등록 시, 스마트 도면으로 전환 가능하도록 사용자 맞춤형 기능 제공 ○ 도면 전산화에 필요한 용역 비용 및 방법 제시 - 대상 도면 수 : 5,000 장 ○ 공사 현재 관리중인 비전산화 도면에 대한 관리방안 제시(파일 및 수정이력 관리 등) (CNR-002) - Tag No, 설비 연관 정보, 설비 BOM(자재 리스트 및 수량), 기타 속성 및 단위 정보 등 추출 및 DB화 | M13: VI. 스마트 도면관리
A14: SFR | B14: =A14&"-"&TEXT(COUNTIF($A$4:$A14, A14), "000") -> SFR-010 | D14: =IFERROR(VLOOKUP(C14,B:F,5,0),"") | E14: 스마트도면 | F14: 스마트 도면 편집(Edit) 기능 | G14: 필수 | H14: 스마트 도면 편집(Edit) 기능 | I14: ○ 도면 편집(Edit) 및 설비마스터 정보 매핑(Mapping) - 설비마스터와 연관된 스마트 도면 제공 - 사용자 권한에 따른 도면 편집 기능 활성화/비활성화 - 쉽고 직관적인 도면 편집 기능 - 우리 공사의 도면번호 관리기준 및 Tag 관리 기준, 속성정보 기준 등 준수 - 도면을 구성하는 모든 구성요소는 기능위치, 분류체계 등 우리 공사 관리 기준을 반영한 계층형 관리 구조 지원 - 도면을 구성하는 모든 구성요소 간 연관관계 관리 기능 - 도면 편집 시, 버전관리/승인/편집자 등의 이력정보와 버전 관리 기능 제공 - 도면 편집 이후, 연관 담당자의 승인 후 반영 기능(도면관리 기준(안) 제시) - 도면 편집 시 동시 수정 방지를 위한 '체크인/체크아웃(Check -in/out)' 또는 '편집 잠금(Locking)' 기능을 필수 제공해야 함. - 도면 내 설비 객체와 설비마스터 DB 간의 '양방향 동기화(Bi -directional Sync)' 또는 '무결성 검증 리포트' 기능을 제공하여 데이터 불일치를 방지해야 함 | K14: O | L14: X | M14: VI. 스마트 도면관리
A15: SFR | B15: =A15&"-"&TEXT(COUNTIF($A$4:$A15, A15), "000") -> SFR-011 | D15: =IFERROR(VLOOKUP(C15,B:F,5,0),"") | E15: 스마트도면 | F15: 스마트 도면 보기(View) 기능 | G15: 필수 | H15: 스마트 도면 보기(View) 기능 | I15: ○ 도면 조회(View) - 설비마스터와 연관된 도면 접근 기능 - 사용자 권한에 따른 도면 접근 및 조회 - 도면 조회 시, 확대(Zoom), 회전(Pan), 강조(Highlight), 선택(Selection) 등의 기능 제공 - P&ID 및 SLD 의 Tag 및 속성 정보 등의 검색 기능 - Tag No. 기준으로 기타 도면 및 문서 등의 연계 조회 기능 - 전산화된 모든 도면은 파일 다운로드 없이 웹 브라우저 상에서 조회 - 도면 조회 시, 사용자 권한에 따라 편집 기능으로 전환 기능 - 권한에 따른 담당자 노트(Remark) 생성 기능(노트 추가는 도면 버전 관리에서 제외) - 웹 기반 도면 뷰어 도입 시, 벡터(Vector) 방식 렌더링을 지원하여 확대 시에도 깨짐이 없어야 하며, 대용량 도면 로딩 시 타일링(Tiling) 기술 등을 통해 3초 이내 조회 성능을 보장해야 함. ○ 스마트 도면 外, 사용자가 등록한 기타 문서 보기 기능 ○ Multi Window 기능 추가 (여러개의 창을 열어서 동시에 도면 확인 가능) | K15: O | L15: X | M15: VI. 스마트 도면관리
A16: SFR | B16: =A16&"-"&TEXT(COUNTIF($A$4:$A16, A16), "000") -> SFR-012 | C16: =B143 -> CNR-003 | D16: =IFERROR(VLOOKUP(C16,B:F,5,0),"") -> 자재 표준화 및 DB화 | E16: 자재관리(공통) | F16: 자재마스터 관리 | G16: 필수 | H16: 자재마스터 관리 | I16: ○ 자재마스터 관리 - 자재마스터 관리 대상 : 열원/열수송/열량계 - 자재마스터 등록/수정/조회 기능(기본정보, 기술정보, 자산정보, 상세정보, 속성정보 등) - 자재마스터 등록/수정 등 이력 관리 기능 - 재고자산이 존재하지 않는 자재마스터의 미사용 처리 기능 - 자재마스터 정보는 SAP 자재마스터에 실시간 정보 연계 - SAP 자재마스터의 관리 항목 外, 별도 항목 관리 기능 - 자재마스터 필수 속성정보의 입력 누락/오기입 방지 유효성 검증 기능 - 자재마스터 중복 등록 방지 기능(AI 기술 활용 등 제안사 특화 기능 제시) - 자재 중복 방지를 위한 AI 기술 적용 시, 단순히 이름만 비교하는 것이 아니라 속성(Spec) 값의 유사도까지 비교하는 알고리즘을 제안해야 함. - 다수의 자재마스터와 구성 수량을 관리하는 자재 패키지/세트 기능 - 자재마스터와 연관된 설비마스터/작업이력/공사이력 등의 조회 기능 (CNR-003) 자재마스터 분류체계, 관리 속성정보, 코드체계, 식별체계, 표기표준, 단위표준 등의 표준화 및 DB화 | K16: O | L16: X | M16: V. 자재관리
A17: SFR | B17: =A17&"-"&TEXT(COUNTIF($A$4:$A17, A17), "000") -> SFR-013 | C17: =B143 -> CNR-003 | D17: =IFERROR(VLOOKUP(C17,B:F,5,0),"") -> 자재 표준화 및 DB화 | E17: 자재관리(공통) | F17: 자재관리 | G17: 필수 | H17: 자재관리(공통) | I17: ○ 자재관리(공통) - 자재·공기구 구매요청/재고/전용/환입/불용 등의 처리 기능 - 자재관리 기능은 SAP 와 실시간 정보 연계(SAP 관리 영역 外 정보는 연계 제외) - 자재관리(회계, 재무)를 위한 통계분석 기능(SAP 연계 필수) - 건설공사 등 준공을 위한 자재 정산(부분, 종합) 기능 - 필요 시 전자계약 및 전자결재 등과의 실시간 정보 연계 - SAP 자산관리번호(이하, 자산번호)를 활용한 개별자재 관리 기능(1자재 1태그) - 개별자재 대상 : 예비품, 저장품, 수리부분품, 비저장품, 보수소모품, 사급자재 - 지사 -자재마스터 -자산번호 -구매번호 -개별자재 등의 연관 정보를 관리 - 소속지사 外, 타지사 자재 조회 기능 - 지사 창고별 자재재고/가용재고/안전재고 수량 조회 기능 - 사용자 지정 자재별 재주문 필요 시점 설정 관리 및 알림 기능 - 개별자재를 위한 QR 코드 발행·출력 기능(QR 코드에는 시스템 식별자만 인코딩) - 개별자재 QR 코드 발행 대상 : 열원/열량계 - 검토사항 : 정확한 자재의 수량 및 범위 확정 필요 - QR 코드 출력 이력 관리 기능 - QR 코드 프린터(19ea, 19개 지사 창고 비치) 및 QR 코드 출력용지(지사별 자재 10,000개 대상) 납품 포함 (QR 프린터) - Thermal Transfer(열전사) 방식 지원, 해상도 300dpi 이상, 최대 인쇄폭 104mm 이상, 인쇄속도 150mm/s 이상, USB 및 Ethernet 인터페이스 제공, 라벨인쇄를 위한 Gap 및 Black Mark 센서 지원, 표준 프린팅 언어(ZPL/EPL/TSPL 중 1개 이상) 또는 동급의 외부 연동 인터페이스를 제공, 리본 왁스레진/레진 등급 사용 가능, 합성지(PP/PET) 라벨 인쇄 지원) - QR 코드는 프린터와 모바일 장비를 OTG(On -The -Go)로 연결하여 출력 ※ 공사 보안규정상 건물 내 WIFI 연결이 불가. - 모바일 장비에서 재물조사 대상 자재조회 후, QR 코드 인식으로 재물조사 처리 기능(다수·동일 자재의 경우 수량으로 일괄처리) - 모바일 앱에서 QR 코드 인식 시, 자재 상세정보 제공 기능 (CNR-003) - 개별자재에 QR 코드 출력 및 부착 용역 포함(부착 불가 시, 고리형 부착 등의 방법 제시) (CNR-003) - 재고자재 실물 현장/현황 조사 및 DB화 용역 포함 | K17: O | L17: O | M17: V. 자재관리
A18: SFR | B18: =A18&"-"&TEXT(COUNTIF($A$4:$A18, A18), "000") -> SFR-014 | C18: =B143 -> CNR-003 | D18: =IFERROR(VLOOKUP(C18,B:F,5,0),"") -> 자재 표준화 및 DB화 | E18: 자재관리(공통) | F18: 자재 입·출고관리 | G18: 필수 | H18: 자재 창고관리(공통) | I18: ○ 자재 입·출고(공통) - 자재 검수/입고/출고예약/출고 관리 기능(모바일 장비 및 자재 QR 코드 활용 지원, SAP 실시간 연계) - 다수의 자재 입·출고 시, 일괄처리 기능 - 자재 입·출고 내역 수정 기능(재고 수량 원상복구) - 입출고 내역 수정(취소)은 '결재 승인'을 통해서만 가능하도록 하고, 수정 사유와 수정 전/후 데이터를 감사 로그(Audit Log)로 영구 보관해야 함. - 창고 및 보관위치 관리 기능 (CNR-003) - 창고 및 보관위치 QR 코드 발행 및 부착 용역 포함 | K18: O | L18: O | M18: V. 자재관리
A19: SFR | B19: =A19&"-"&TEXT(COUNTIF($A$4:$A19, A19), "000") -> SFR-015 | D19: =IFERROR(VLOOKUP(C19,B:F,5,0),"") | E19: 자재관리(열원) | F19: 열원 자재관리 | G19: 필수 | H19: 열원 자재관리 | I19: ○ 자재관리(열원) - 자재마스터 기본 속성에서 사용하는 교체주기 속성 外, 자재별 사용자 지정 교체주기/점검주기 관리 및 주기 도래 시, 알림 기능 - 자재마스터별 정수관리/자재재고 등 관리 기능 ○ 자재관리(열원 - 고온부품) - 고온부품별 장착/탈착/재생/비용/EOH현황 등의 관리 및 이력관리 기능 - 고온부품 Set 구성 및 재고관리 기능 - 고온부품별 EOH 계산 기준(기동/정지 횟수별 가중치 등) 관리 기능 -EOH 계산 로직은 소스 코드가 아닌 '수식 관리 엔진(Rule Engine)' 형태로 구현하여, 현업 담당자가 가중치나 계산식을 직접 설정/변경할 수 있도록 유연성을 확보해야 함. - EOH 기반 잔여 수명 예측 및 알림 기능 ○ 자재관리(열원 - 공기구) - 공기구 대여/반납/반납지연/검교정/불용처리/전용 등의 관리 및 이력관리 기능 - 검교정 필요 공기구의 교정주기/교정일자/계획/결과/차기예정일 등 관리 기능 - 공기구 중 특수 공기구(Special Tool) 관리 기능 ○ 자재관리(열원 - 수출입통관관리) - 고온부품 등 수출입통관에 필요한 회계처리 지원(SAP 수입통관 연계 업무 : 15개, SAP 수출통관 연계 업무 : 9개) - 관세청 UNI -PASS 와 연계하여 통관진행상태 정보 확인 기능 - UNI -PASS 연동 장애 시 업무 마비를 막기 위해, 통관 정보를 엑셀 업로드나 수기로 등록할 수 있는 백업(Backup) 프로세스를 반드시 구현해야 함. | K19: O | L19: X | M19: V. 자재관리
A20: SFR | B20: =A20&"-"&TEXT(COUNTIF($A$4:$A20, A20), "000") -> SFR-016 | D20: =IFERROR(VLOOKUP(C20,B:F,5,0),"") | E20: 자재관리(열수송) | F20: 열수송 자재관리 | G20: 필수 | H20: 열수송 자재관리 | I20: ○ 자재관리(열수송) - SAP 에서 관리하는 배관자재의 미터(M)단위 합계 관리 外, 개수(EA) 단위 개별 수량 관리 기능(1자재 1태그) - 연도별, 회차별, 지사별 열수송자재 정기발주 및 납품지시 관리 기능 - 임시 자산 등록 후, 일괄 자산 취득 처리 기능 ○ 자재관리(열수송 - 긴급자재보관소) - 우리 공사 및 긴급자재 협약사업자/협력사의 긴급자재보관소 자재조회 및 신청 관리 기능 - 긴급자재 요청에 대한 긴급자재보관소 입·출고/전용/환입/불용 처리 등 우리 공사 처리 업무(전자결재/전자계약/SAP/한난맵 등) 연계 기능 - 긴급자재 협약사를 위한 '외부망 접근환경' 구축 및 내부망 시스템과의 아키텍처를 명시해야 함 | K20: O | L20: O | M20: V. 자재관리
A21: SFR | B21: =A21&"-"&TEXT(COUNTIF($A$4:$A21, A21), "000") -> SFR-017 | C21: =B7 -> SFR-003 | D21: =IFERROR(VLOOKUP(C21,B:F,5,0),"") -> 공통기능 -정보 조회 | E21: 자재관리(열량계) | F21: 열량계 자재관리 | G21: 필수 | H21: 열량계 자재관리 | I21: ○ 자재관리(열량계) - 열량계 규격(유량부/연산부/냉수/중온수), 상태(신품/재제조) 등의 열량계 특성을 반영한 속성정보 관리 기능 - 열량계 검정만료일의 잔여유효기간 알림 기능 - 회차별 신규구매 및 재제조 수량에 대한 신청/조회/확정 기능 - 열량계 구매/검수/입·출고 등의 업무 처리 시, 전자결재/전자계약/SAP 등 실시간 정보 연계 기능 ○ '공통 - 정보 조회 기능' 요구사항의 조회 기능 외, 열량계 속성을 반영한 조회 - 설치/가용재고/출고대기/출고/불용대기/검정만료대상/예비율 등의 상세 조회 조건 설정 기능 - 건물명/건물번호/기계실번호/설치번호/사용자정보 등 열량계 기물정보와 종류별/연도별/고장유형 등의 이력 조회 기능 | K21: O | L21: O | M21: V. 자재관리
A22: SFR | B22: =A22&"-"&TEXT(COUNTIF($A$4:$A22, A22), "000") -> SFR-018 | C22: =B144 -> CNR-004 | D22: =IFERROR(VLOOKUP(C22,B:F,5,0),"") -> 유지보수 표준화 및 DB화 | E22: 작업관리 | F22: 작업오더 조회 및 생성 | G22: 필수 | H22: 작업관리 | I22: ○ 작업오더 관리 - 작업오더 기본정보 및 상세정보(자재, 공량, 경비, Red Tag 등) 관리 기능 - TM/고장속보/예방점검/예방정비 등의 주요 관리 정보와 연계 기능 - 작업오더별 승인/반려 등의 처리/이력 관리 기능 - 작업오더 등록 시, TM 또는 고장속보, 계획예방정비 등 연계 기능 - 작업오더로 등록되지 않은 TM 및 고장속보 등의 알림 기능 - 작업오더의 공량/자재/경비 등의 설계 관리 및 설계금액 자동 산출 기능 - 자재 설계 시, 필요 자재(설비 BOM 정보 활용 또는 사용자 입력)의 재고 수량 및 출고 가능 정보 제공 - 자재의 가용수량 부족 시, 작업오더 임시저장 기능 및 자재 가용 시, 알림 제공 - 설비마스터에 기 등록된 Red Tag 정보 자동 연계 기능(수정 가능) - 설비마스터에 Red Tag 미등록 시, Red Tag 설계 이력 추천/적용 기능(AI 기술 활용 등 제안사 특화 기능 제시) - 필수항목누락/수량/단가입력오류/중복품목방지 등 사용자 입력 오류 검증 및 안내 기능 - 작업오더 신규 생성 시, 설계 기준서 및 작업 설계이력 조회/적용 기능 - 설비별 설계기준서 및 작업오더 설계이력 추천/적용 기능(AI 기술 활용 등 제안사 특화 기능 제시) - 작업종료 후, 내용/결과/실적/사진업로드/기기점검결과보고서/관련자료업로드 등의 정보 관리 기능 - 작업오더로 수행된 예방정비 작업종료 시, 예방정비/예방정비주기/차기예방정비일정 등의 예방정보 업데이트 기능 - 우리 공사 표준시스템인 '스마트 안전관리 플랫폼'과 연계하여 안전작업허가서 관리 - 스마트 안전관리 시스템에서, '안전작업허가서 승인 완료' 신호가 수신되어야만 작업오더를 '착수(Start)' 상태로 변경할 수 있는 프로세스 제어(Interlock) 기능을 구현해야 함. (CNR-004) - 설비별 작업오더 설계이력 표준화 및 DB화 용역 포함(O/H 대상 설비) | K22: O | L22: X | M22: VIII. 유지보수
A23: SFR | B23: =A23&"-"&TEXT(COUNTIF($A$4:$A23, A23), "000") -> SFR-019 | D23: =IFERROR(VLOOKUP(C23,B:F,5,0),"") | E23: 작업관리 | F23: 기기점검결과보고서 | G23: 필수 | H23: 작업관리 - 기기점검결과보고서 | I23: ○ 기기점검결과보고서 관리 - 작업 중 작성하는 기기점검결과보고서 관리 기능 - 점검 보고서 양식을 코딩 없이 현업이 직접 생성/수정할 수 있는 '전자서식 생성기(Form Generator)' 솔루션 또는 기능을 도입해야 함. - 기기점검결과보고서의 승인/반려 등의 처리/이력 관리 기능(알림 발송 포함) - 기기점검결과보고서를 활용한 공사통보서(서브오더, 기존 작업오더의 추가 작업오더) 연계 등록 기능 | M23: VIII. 유지보수
A24: SFR | B24: =A24&"-"&TEXT(COUNTIF($A$4:$A24, A24), "000") -> SFR-020 | D24: =IFERROR(VLOOKUP(C24,B:F,5,0),"") | E24: 작업관리 | F24: 공사기간관리 | G24: 필수 | H24: 작업관리 - 작업연장 | I24: ○ 작업연장 관리 - 진행 중인 작업오더의 기간 연장 관리 기능 - 요청내용/기간/사유/계획대비변동율/근거자료 및 승인/반려 등의 처리/이력 관리 기능 | K24: O | L24: X | M24: VIII. 유지보수
A25: SFR | B25: =A25&"-"&TEXT(COUNTIF($A$4:$A25, A25), "000") -> SFR-021 | D25: =IFERROR(VLOOKUP(C25,B:F,5,0),"") | E25: 작업관리 | F25: 공사통보서 발행 | G25: 필수 | H25: 작업관리 - 공사통보서 | I25: ○ 공사통보서(서브오더, 기존 작업오더의 추가 작업오더) 관리 - 작업오더 수행 중, 추가자재/외주가공/장비임차 등을 관리하는 공사통보서 관리 기능 - 공사통보서의 종류(지입/외주/임차)/통보내용/연계 작업오더/설계내역/설계금액 등의 정보 관리 기능 - 지입/외주/임차 등 각 항목의 수량/단가를 활용한 총금액 자동 처리 기능 - 다수의 기기점검결과보고서 연계 기능 | K25: O | L25: O | M25: VIII. 유지보수
A26: SFR | B26: =A26&"-"&TEXT(COUNTIF($A$4:$A26, A26), "000") -> SFR-022 | D26: =IFERROR(VLOOKUP(C26,B:F,5,0),"") | E26: 작업관리 | F26: 검수 -지입/외주/임차 | G26: 필수 | H26: 작업관리·공사관리(공통) - 지입·외주·임차 관리 | I26: ○ 검수 관리 - 지입·외주·임차 검수 필요 건 조회 및 검수 요청, 검수 결과 입력 기능 - 검수요청 시, 선택한 작업오더(또는 공사통보서) 정보 연계를 통한 자동 입력 기능 - 검수 관련 증빙문서(견적서, 세금계산서, 검수사진, 납품서 등) 첨부/다운로드 기능 - 정비부서 반려 시, 반려 사유 그룹핑 선택 지정 및 상세 반려내용 기록 기능 - 현장 검수 시, 모바일 기기에서 검수 정보 확인, 수량 스캔(바코드/QR), 사진 촬영·첨부, 결과입력, 반려/승인요청 기능 제공 | K26: O | L26: O | M26: VIII. 유지보수
A27: SFR | B27: =A27&"-"&TEXT(COUNTIF($A$4:$A27, A27), "000") -> SFR-023 | D27: =IFERROR(VLOOKUP(C27,B:F,5,0),"") | E27: 작업관리 | F27: 공사마스터 | G27: 필수 | H27: 공사마스터 관리 | I27: ○ 공사마스터 관리 - 공사종류/기간/금액 등의 공사 일반정보와 공사오더로 구성된 공사마스터 관리 기능 - 공사일반/공사비/추정가격/정산/설계변경/준공/기성/검수 등의 정보 관리 기능 - 공사마스터와 연관된 공사오더에 공통 적용 가능한 항목(보증기간, 노임단가, 간접노무비 등) 관리 기능 - 공사마스터 정보 관리 시, 연관된 공사오더 설계 정보 확인 편의성 제공 - 제비율 관리 기능(법규/공사 등의 기준 전산화 및 선택) - 물가정보 관리 기능 - 물가정보 및 제비율의 기준 시점 변경 시, 관련된 단가/제비율 일괄 적용 기능 - 물가정보/제비율 변경 시, '적용 개시일(Effective Date)' 관리 기능을 두어, 해당 일자 기준 이전/이후 공사오더의 단가가 자동 분리 적용되도록 설계해야 함. - 공사 설계변경, 제비율 기준 변경 등 주요 정보 알림 기능 - 공사오더의 금액을 활용하여 제경비 자동 산출 기능(사용자 지정 산출식 적용 등) - 공사마스터 미사용 처리 시, 공사마스터에 연결된 공사오더 미사용 처리 기능 - 유사 공사마스터 설계 내역 복사 및 일부 정보 복사 기능 - 정산/설계변경/준공검수내역확인 등 내부처리 업무 지원(전자결재/전자계약 등 연계 처리) - 공사마스터 변경 시, 변경 전·후 비교 기능 - 공사오더 실적 기반 집행률/잔액계산 등 비용 정보 확인 기능(계약액 대비) - 공사마스터 변경 시, 기술정산서 관리 기능 - 준공/기성 검사결과 및 검수자료(검사성적서, 사진 등) 관리 기능 - 본사 통합발주(경상정비 공사, 판형열교환기, 유체커플링 등) 공사 설계 및 지사별 사후관리 기능 지원 | K27: O | L27: X | M27: VIII. 유지보수
A28: SFR | B28: =A28&"-"&TEXT(COUNTIF($A$4:$A28, A28), "000") -> SFR-024 | D28: =IFERROR(VLOOKUP(C28,B:F,5,0),"") | E28: 작업관리 | F28: 용역마스터 | G28: 필수 | H28: 용역마스터 관리 | I28: ○ 용역마스터 관리 - 용역종류/기간/금액 등의 용역 일반정보와 용역오더로 구성된 용역마스터 관리 기능 - 용역일반/용역비/추정가격/정산/설계변경/준공/기성/검수 등의 정보 관리 기능 - 제비율 관리 기능(법규/용역 등의 기준 전산화 및 선택) - 물가정보 관리 기능 - 물가정보 및 제비율의 기준 시점 변경 시, 관련된 단가/제비율 일괄 적용 기능 - 물가정보/제비율 변경 시, '적용 개시일(Effective Date)' 관리 기능을 두어, 해당 일자 기준 이전/이후 용역오더의 단가가 자동 분리 적용되도록 설계해야 함. - 용역 설계변경, 제비율 기준 변경 등 주요 정보 알림 기능 - 용역오더의 금액을 활용하여 제경비 자동 산출 기능(사용자 지정 산출식 적용 등) - 용역마스터 미사용 처리 시, 용역마스터에 연결된 용역오더 미사용 처리 기능 - 유사 용역마스터 설계 내역 복사 및 일부 정보 복사 기능 - 정산/설계변경/준공검수내역확인 등 내부처리 업무 지원(전자결재/전자계약 등 연계 처리) - 용역마스터 변경 시, 변경 전·후 비교 기능 - 용역오더 실적 기반 집행률/잔액계산 등 비용 정보 확인 기능(계약액 대비) - 준공/기성 검사결과 및 검수자료(검사성적서, 사진 등) 관리 기능 - 본사 통합발주(소형 CHP 경상정비 용역 등) 용역 설계 및 지사별 사후관리 기능 지원 | K28: O | L28: X | M28: VIII. 유지보수
A29: SFR | B29: =A29&"-"&TEXT(COUNTIF($A$4:$A29, A29), "000") -> SFR-025 | D29: =IFERROR(VLOOKUP(C29,B:F,5,0),"") | E29: 작업관리 | F29: 공사오더 조회 및 생성 | G29: 필수 | H29: 공사오더 관리 | I29: ○ 공사오더 관리 - 공사마스터에 속하는 공사오더 관리 기능 - 공사오더 일반정보(설비마스터/설계자/보수/운영/정비부서/작업기간/작업등급/작업허가여부 등) 및 상세정보(공량/자재/경비/Red Tag 등) 관리 기능 - 상세정보에서 작업항목/작업항목별 공량/자재/경비/Red Tag 등의 설계 기능 및 각 설계내역의 총 금액 자동 산출 기능 - 기존 공사오더 설계 내역(공량/자재/경비설계 등) 전체·일부 복사 기능 - 설비별 적합 설계 이력 추천/적용 기능(AI 기술 활용 등 제안사 특화 기능 제시) - 품셈 및 물가정보 관리 기능(전산화 및 조회/선택) - 경비 설계시 항목별 산출근거 자료 관리 및 총경비 금액 중 도급분/사급분 금액 자동계산 기능 - 협력사별 견적 등록 기능(외부 접근) - 설비마스터에 기 등록된 Red Tag 정보 자동 연계 기능(수정 가능) - 설비마스터에 Red Tag 미등록 시, Red Tag 설계 이력 추천/적용 기능(AI 기술 활용 등 제안사 특화 기능 제시) - 필수 항목 누락, 수량/단가 입력 오류, 중복 품목 등록 등 사용자 입력 오류 검증 및 안내 기능 - 설비마스터 다중 선택 후, 공사오더 등록 및 일괄 승인 처리 기능 - 우리공사 표준시스템인 '스마트 안전관리 플랫폼'과 연계하여 안전작업허가서 관리 | K29: O | L29: X | M29: VIII. 유지보수
A30: SFR | B30: =A30&"-"&TEXT(COUNTIF($A$4:$A30, A30), "000") -> SFR-026 | D30: =IFERROR(VLOOKUP(C30,B:F,5,0),"") | E30: 작업관리 | F30: 공사 작업결과 입력 | G30: 필수 | H30: 공사오더 - 작업결과 관리 | I30: ○ 공사오더 - 작업결과 관리 - 실작업기간/작업형태/작업내용/작업결과/수행사진/관련자료첨부 등 관리 기능 - 작업결과는 승인 후 대상 설비의 정비 이력으로 자동 반영 - 정기점검 주기 관리 및 차기 정기점검보수 일정 자동 등록 기능 | K30: O | L30: O | M30: VIII. 유지보수
A31: SFR | B31: =A31&"-"&TEXT(COUNTIF($A$4:$A31, A31), "000") -> SFR-027 | D31: =IFERROR(VLOOKUP(C31,B:F,5,0),"") | E31: 작업관리 | F31: 설계기준 -설계기준서 관리 | G31: 필수 | H31: 공사오더 - 설계기준서 관리 | I31: ○ 공사오더 - 설계기준서 관리 - 설비·설비군·기능위치에 적용 가능한 작업등급(A/B/C 등급 등)별 설계기준서 작성 - 설계기준서에서 작업내용/작업절차/자재/공량/품셈 등의 정보를 관리 - 신규 생성 시, 과거 동일/유사 설계이력을 조회/추천/적용 기능(AI 기술 활용 등 제안사 특화 기능 제시) - 공사용/예방정비용/경상정비용 등의 종류 구분 기능 - 설계기준서의 버전관리 및 이전 버전과의 비교 기능 - 공사 열원보수표준품셈을 반영하여, 설비마스터 內 DB화된 설비 용량에 따라 설계기준서의 용량을 적용한 설계기준서 자동생성 기능 제공 | M31: VIII. 유지보수
A32: SFR | B32: =A32&"-"&TEXT(COUNTIF($A$4:$A32, A32), "000") -> SFR-028 | D32: =IFERROR(VLOOKUP(C32,B:F,5,0),"") | E32: 작업관리 | F32: 설계기준 -제비율표 관리 | G32: 필수 | H32: 공사오더 - 제비율표 관리 | I32: ○ 공사오더 - 제비율표 관리 - 제비율표는 조달청/물가정보 사이트에서 공개되는 정보를 전산화(전산화 방안 제시) - 항목/공사종류/공사기간/공사규모 등 다차원 분류 및 코드로 관리 - 해당 항목 선택 시, 설계에 반영 기능 - 제경비 기준시점별 이력 관리 및 기준 선택 시, 해당 항목 일괄적용 기능 - 비율, 소수점 자릿수, 반올림/버림 등의 규칙 설정 기능 - 'SAP ERP와 동일한 소수점 처리 라이브러리/로직'을 적용하여 정합성 보장 | M32: VIII. 유지보수
A33: SFR | B33: =A33&"-"&TEXT(COUNTIF($A$4:$A33, A33), "000") -> SFR-029 | D33: =IFERROR(VLOOKUP(C33,B:F,5,0),"") | E33: 작업관리 | F33: Red Tag 관리 | G33: 필수 | H33: Red Tag 관리 | I33: ○ Red Tag 관리 - Red Tag 조회/발행/취소/회수 관리 기능 - Red Tag 상태/발행일시/발행설비/조작요청내용 등의 정보 관리 기능 - 시스템 발행 및 수기 발행 등의 구분 기능 - 시스템 발행 시, Red Tag 설계된 오더 검색 및 Red Tag 설계 내용 조회·발행·출력 - 수기 발행 시, 작업오더/공사오더 없이 대상 설비별 관리(필요 시, 오더에 연결 가능) - 수기 발행 시, 대상 설비의 설비마스터 표준 Red Tag 자동 입력 및 수정 기능 - 다수 Red Tag에 대한 일괄 발행/취소/출력 지원 - Red Tag 발행 대상 설비에 미회수 Red Tag 존재 시 경고 - Red Tag 출력 시, 연계된 LOTO 번호 정보 자동 인쇄 기능 - Red Tag 바코드 스캔/입력에 의한 상세 내역 확인 및 회수처리 기능 - 회수 예정일 임박/지연, 장기 미회수, 중복 발행 시 담당 부서에 알림 제공 기능 - 모바일에서 발행/출력 요청, 스캔 회수, 사진 첨부 기능 지원 - 각 지사별 Red -Tag 발행 프린터와 연계하여 출력기능 지원 | K33: O | L33: O | M33: VIII. 유지보수
A34: SFR | B34: =A34&"-"&TEXT(COUNTIF($A$4:$A34, A34), "000") -> SFR-030 | D34: =IFERROR(VLOOKUP(C34,B:F,5,0),"") | E34: 작업관리 | F34: 예방정비관리 | G34: 필수 | H34: 예방정비 필요 설비 조회/신규 지정, 설비별 예방정비작업 사전 설계, 일정 등록 및 작업오더 자동 발행 | I34: ○ 예방정비 관리 - 예방정비 대상 설비 조회/신규 지정, 예방정비 작업오더 사전 설계, 일정 등록 및 작업오더 자동 발행 기능 - 대상 설비 신규 등록 시, 동일 설비의 예방정비 작업오더 사전 설계 내역 조회 및 적용 기능 제공(AI 기술 활용 등 제안사 특화 기능 제시) - 자동 오더 발행 설정(예방정비 주기·오더자동생성조건·시행기준일·작업등급) 관리 - 다수 설비 선택 후 동일 설계 내용 일괄 적용 기능 - 기 등록 예방정비 대상 설비의 과거 정비 이력 정보 제공 - 연도별 예방정비 시행 예정 설비리스트 자동 생성 - 생성된 연도의 설비별 예방정비 일정 삭제/변경 가능해야 함 - 예방정비 작업오더 자동 생성 후 담당부서/담당자 알림 기능 제공 - 예방정비 일정표는 캘린더와 리스트로 제공, 엑셀 등 파일로 내보내기 지원 - 예방정비 작업오더 종결 시, 작업실적 연계를 통한 정비이력 정보 제공 기능 - 연도별 예방정비를 통한 중장기 유지보수 계획 및 실적 관리 (CNR-002) - 과거 6개년 지사별 중장기 유지보수 계획을 DB화 하여 시스템 반영 | M34: VIII. 유지보수
A35: SFR | B35: =A35&"-"&TEXT(COUNTIF($A$4:$A35, A35), "000") -> SFR-031 | D35: =IFERROR(VLOOKUP(C35,B:F,5,0),"") | E35: 작업관리 | F35: 법정검사 | G35: 필수 | H35: 법정검사 대상 설비 조회/신규지정, 설비별 법정검사 일정 등록 및 실적 확인 | I35: ○ 법정검사 관리 - 법정검사 대상 설비 조회/지정, 설비별 법정검사 신규등록 및 상세내용/실적, 관련 법조항 확인 기능 제공 - 법정검사 항목별 시행/미시행 여부 선택 기능 제공 - 법정검사 신규 입력 시, 검사주기, 검사시기, 기준일자 등록으로 검사일정 자동 생성 기능 제공 - 법정검사 실적 조회 시, 검사 성적서, 검사결과보고서, 시정조치 확인서 등 첨부 자료 등록/조회/다운로드 - 연도별/월별 법정검사 계획 및 실적 건수 집계/조회 - 월별 검사 계획 리스트 조회 및 검사결과 입력 기능 제공 - 월별 검사 실적 리스트 및 검사결과 조회 기능 제공 - 예정일 임박, 실적 미입력, 법정 기한 만료 예정에 대한 알림 기능 제공 | M35: VIII. 유지보수
A36: SFR | B36: =A36&"-"&TEXT(COUNTIF($A$4:$A36, A36), "000") -> SFR-032 | D36: =IFERROR(VLOOKUP(C36,B:F,5,0),"") | E36: 작업관리 | F36: 예방점검관리 | G36: 필수 | H36: 예방점검 대상 설비 등록, 점검항목·점검기준·점검일정 설계 및 예방점검 결과 등 예방점검 전과정 관리 | I36: ○ 예방점검마스터 - 예방점검 계획 수립 및 예방점검 등록/이력 조회 관리 기능 - 예방점검 계획 수립 시, 예방점검 대상 설비 등록 및 점검 Check Sheet(점검항목, 점검기준)/점검주기 관리, 연간 일정 관리 가능 제공 - 예방점검 항목별 시행/미시행 여부 선택 기능 제공 - 예방점검 신규 입력 시, 일반정보(점검명, 점검주기, 담당부서 등) 및 대상 설비 리스트, 대상설비별 점검항목/점검 기준 등록·수정·저장 기능 제공 - 동일 점검을 여러 설비에 일괄 추가 및 삭제 기능 ○ 예방점검 - 예방점검 일정 생성/조회 및 예방점검 결과 입력, 과거 점검 이력 조회 관리 기능 - 예방점검 일정 생성 시, 연간 일정과 주간 계획 상호 연계 - 예방점검마스터에서 설정한 점검주기에 따른 점검항목별 주단위(1주~52주) 연간 예방점검 일정 자동 생성 - 예방점검마스터에서 설정한 점검 수행 요일 정보에 따른 주간 예방점검 일정 자동 생성 - 요일별 등록된 점검 일정 목록 복사/붙여넣기 기능 지원 - 주간 예방점검 일정표에서 점검 Check Sheet 조회/출력 및 일자별 점검결과 입력 바로가기 기능 제공 - 점검결과 입력 시, 점검기준치 이탈에 대한 경고 알림 제공 - 점검결과 입력 시, 점검 결과 불량 항목에 대한 작업지시서 생성 연계 기능 제공 - 점검 결과 양호 항목에 대한 일괄 승인 요청 기능 - 모바일에서 QR/바코드 스캔 기반 예방점검 일정 조회, 체크리스트 조회, 점검 결과 입력, 사진 첨부 기능 지원 - 점검 이력 조회 시, 설비별/점검항목별 상세 결과 및 추이 그래프 제공 - 일정 자동 생성 시 '공사 휴무일 및 대보수 기간 자동 회피' 로직과, 부서별 '주간 최대 점검 가능 건수(Capa)'를 설정하여 일정을 평탄화(Leveling)하는 알고리즘을 제안해야 함. - 예방점검 결과 입력 시, 'GPS 위치 및 QR 인증' 을 통해 실제 설비 근처에 있어야만 '완료' 버튼이 활성화되는 기능을 도입하여 허위 점검 원천 차단 | K36: O | L36: O | M36: VIII. 유지보수
A37: SFR | B37: =A37&"-"&TEXT(COUNTIF($A$4:$A37, A37), "000") -> SFR-033 | D37: =IFERROR(VLOOKUP(C37,B:F,5,0),"") | E37: 작업관리 | F37: 작업 통계 | G37: 필수 | H37: 경상정비, 공사, Red Tag, 예방점검 현황 및 운영상태 파악을 위한 작업 통계 제시 | I37: ○ 작업통계 관리 - 카테고리(작업, 공사, Red Tag, 예방점검)별 주요 지표 통계 조회·집계·분석 기능 - 기간, 지사, 사업장, 설비군, 설비, 담당부서 등의 조건에 대한 다중 필터 조회·집계 기능 - 주요 지표별 통계 데이터를 테이블 및 그래프로 제시 기능 제공 - 주요 지표에 대한 정의, 산식 정보 표시(툴팁, 안내문 등) 기능 - 주요 통계 지표별 전년동기/전월 대비 및 목표 대비 증감율 제공 - 통계 수치 단위 변환(원/천원/백만원, 시간/일 등) 지원 | M37: VIII. 유지보수
A38: SFR | B38: =A38&"-"&TEXT(COUNTIF($A$4:$A38, A38), "000") -> SFR-034 | D38: =IFERROR(VLOOKUP(C38,B:F,5,0),"") | E38: 고장관리 | F38: 고장속보 (상보) | G38: 필수 | H38: 고장속보(상보)의 등록/수정/조회 | I38: ○ 고장속보 관리 - 고장속보 조회 및 등록 기능 - 전 지사 고장속보 목록 확인 및 고장속보 상세 내역 확인 기능 - 모바일에서 고장속보 조회 및 신규 작성 지원 - TM 및 작업오더 발행 기능 제공 - 사진·관련문서 첨부, 미리보기 및 다운로드 지원 - 신규 등록 및 중요사항 변경(상태, 피해규모 등) 시 담당부서(담당자) 알람 제공 - 시간 입력 오류(발생시간 -작업개시시간 -종료시간) 등 자동 검증 기능 제공 (CNR-004) - 설비별 고장상보 대응 긴급작업 내역 표준화 및 DB화 용역 포함 ○ 고장상보 관리 - 고장상보 조회 및 등록 기능 - 전 지사 고장상보 목록 확인 및 고장상보 상세 내역 확인 기능 - 모바일에서 고장상보 조회 지원 - 고장속보 연계를 통한 데이터 자동 입력 기능 제공 - 고장상보 작성 시, 고장원인담당자 및 고장원인책임자 복수 지정 기능 - 신규 등록 및 중요사항 변경(상태, 피해규모 등) 시 담당부서(담당자) 알람 제공 - 시간 입력 오류(발생시간 -작업개시시간 -종료시간) 등 자동 검증 기능 제공 (CNR-004) - 설비별 고장상보 대응 긴급작업 내역 표준화 및 DB화 용역 포함 | K38: O | L38: O | M38: VIII. 유지보수
A39: SFR | B39: =A39&"-"&TEXT(COUNTIF($A$4:$A39, A39), "000") -> SFR-035 | D39: =IFERROR(VLOOKUP(C39,B:F,5,0),"") | E39: 계획 예방 정비관리 | F39: 계획 예방 정비 (결과) | G39: 필수 | H39: 계획 예방 정비 (결과) 보고 의 등록/수정/조회 | I39: ○ 계획 예방 정비(결과) 관리 - 계획 예방 정비(결과) 조회 및 등록 기능 - 전 지사 계획 예방 정비(결과) 목록 확인 및 계획 예방 정비(결과) 상세 내역 확인 기능 - 모바일에서 조회 및 신규 작성 지원 - TM 및 작업오더 발행시 매핑 기능 제공 - 사진·관련문서 첨부, 미리보기 및 다운로드 지원 - 신규 등록 및 중요사항 변경(상태, 피해규모 등) 시 담당부서(담당자) 알람 제공 - 시간 입력 오류(발생시간 -작업개시시간 -종료시간) 등 자동 검증 기능 제공 | K39: O | L39: X | M39: VIII. 유지보수
A40: SFR | B40: =A40&"-"&TEXT(COUNTIF($A$4:$A40, A40), "000") -> SFR-036 | D40: =IFERROR(VLOOKUP(C40,B:F,5,0),"") | E40: 고장관리 | F40: 고장 통계 | G40: 필수 | H40: 다양한 기준에 따른 고장통계의 조회·집계·분석 | I40: ○ 고장통계 관리 - 기간, 지사, 설비, 고장유형/고장모드, 고장원인, 중요도, 정비전략 등 조건에 따른 고장통계(표, 그래프 동시 제공)기능 - 지표에 대한 정의, 산식 정보 표시(툴팁, 안내문 등) 기능 - 주요 통계 지표별 전년동기/전월 대비 및 목표 대비 증감율 제공 - 모든 차트/표는 엑셀 등 문서로 다운로드 및 출력 기능 제공 | M40: VIII. 유지보수
A41: SFR | B41: =A41&"-"&TEXT(COUNTIF($A$4:$A41, A41), "000") -> SFR-037 | D41: =IFERROR(VLOOKUP(C41,B:F,5,0),"") | E41: 운영정보관리 | F41: TM목록/발행 | G41: 필수 | H41: TM 조회 및 발행 | I41: ○ TM 관리 - TM 기본정보 및 상세정보(작업등급, 고장증상, TM 내용, 조치내용 등) 조회/관리 기능 - 진행상태, 발행일자, 설비마스터, 고장코드 등 다중 필터 검색 기능 - TM과 연계된 작업오더 조회 기능 - TM 승인 건에 대한 작업오더 생성 기능 - 현장에서 QR코드(또는 작업구역 QR북) 스캔을 통한 모바일 TM 발행 기능 - 다수의 설비에 대한 TM 일괄 발행 기능 - TM 발행 시, 선택 설비에 대한 고장정보 연계 및 자동 입력 기능 - TM과 동일/유사 내용의 작업오더/고장속보(TM 미연결된) 기발행 여부 검색 및 연계 기능 | K41: O | L41: O | M41: VIII. 유지보수
A42: SFR | B42: =A42&"-"&TEXT(COUNTIF($A$4:$A42, A42), "000") -> SFR-038 | D42: =IFERROR(VLOOKUP(C42,B:F,5,0),"") | E42: 운영정보관리 | F42: TM 통계 | G42: 필수 | H42: TM 통계 | I42: ○ TM통계 관리 - 발행/완료 TM에 대한 기간, 지사, 발행부서, 설비, 고장증상 등 조건에 따른 통계(표, 그래프 동시 제공) 기능 - 특정 기간 동안의 TM 접수/진행/완료/미결 등 상태별 건수 및 추이, 진행상태별 비율 제공 - 특정 기간동안의 설비유형별/설비별 TM 발행 건수 및 추이 결과 제공 - 특정 기간동안의 고장유형별/고장원인별 TM 발행 건수 및 추이 결과 제공 | M42: VIII. 유지보수
A43: SFR | B43: =A43&"-"&TEXT(COUNTIF($A$4:$A43, A43), "000") -> SFR-039 | D43: =IFERROR(VLOOKUP(C43,B:F,5,0),"") | E43: 운영정보관리 | F43: 로그시트 | G43: 필수 | H43: 로그시트 조회/등록/수정/승인 | I43: ○ 로그시트 관리 - 교대 근무조의 일상점검·운영기록을 '로그시트'로 조회/등록/수정 기능 - 기간, 소속, 교대근무 보직 등의 조건에 대한 다중 필터 검색 기능 - 로그시트 점검항목별 Trend(추이) 제공 기능 (기간 설정/조회 가능) - 점검항목별 관리기준(상하한, 경보값)에 측정값이 벗어날 경우, 적합/이상 자동 표기 기능 - 모바일을 활용해 현장에서 값 입력 등 수행 기능 | K43: O | L43: O | M43: VIII. 유지보수
A44: SFR | B44: =A44&"-"&TEXT(COUNTIF($A$4:$A44, A44), "000") -> SFR-040 | D44: =IFERROR(VLOOKUP(C44,B:F,5,0),"") | E44: 운영정보관리 | F44: 인계인수일지 | G44: 필수 | H44: 인계인수 일지 조회/등록/수정 | I44: ○ 인계인수일지 관리 - 인계인수 일지 조회/작성 및 업무인계인수 설정(순환근무, 교대근무시간, 작성보직 등) 기능 - 인계인수 설정에 따른 일자별 인계인수 목록 자동 생성 기능 - 인계인수 조회 시, 근무조 및 교대근무 보직에 대한 다중 검색 필터 기능 - 점검표, 운전 기록 등 파일 및 사진에 대한 일지 단위로 첨부 기능 | K44: O | L44: O | M44: VIII. 유지보수
A45: SFR | B45: =A45&"-"&TEXT(COUNTIF($A$4:$A45, A45), "000") -> SFR-041 | D45: =IFERROR(VLOOKUP(C45,B:F,5,0),"") | E45: 운영정보관리 | F45: 운전시간 | G45: 필수 | H45: 운전시간 조회/등록/수정 | I45: ○ 운전시간 관리 - 운전시간 관리 대상 기기 조회/등록/수정 기능 - 관리 대상 기기 등록 시, 기기 관리 교대근무보직 조회/등록/수정 기능 - 관리 대상 기기 등록 시, 대상기기에 세부설비가 있는 경우 관련 설비 연계 등록 기능 - 주요기기의 운전시간 입력 및 운전 통계 조회 기능 - 운전시간 등록 시, Start/Stop(기동/정지) 시각에 대한 동일 일자 복수 입력 기능 - 운전시간 등록 시, 동일 상태(Start → Start 또는 Stop → Stop ) 연속 입력 방지 기능 | M45: VIII. 유지보수
A46: SFR | B46: =A46&"-"&TEXT(COUNTIF($A$4:$A46, A46), "000") -> SFR-042 | D46: =IFERROR(VLOOKUP(C46,B:F,5,0),"") | E46: 운영정보관리 | F46: 정비회의 | G46: 필수 | H46: 정비회의 조회 및 회의자료 첨부 및 다운로드 | I46: ○ 정비회의 관리 - 정비회의 기본정보 및 안건 대상(TM, 작업오더) 관리 기능 - 정비회의 대상 TM/작업오더 조회 및 연계 기능 | M46: VIII. 유지보수
A47: SFR | B47: =A47&"-"&TEXT(COUNTIF($A$4:$A47, A47), "000") -> SFR-043 | D47: =IFERROR(VLOOKUP(C47,B:F,5,0),"") | E47: 기술자료관리 | F47: 도면 및 기술자료 관리 | G47: 필수 | H47: 도면, 매뉴얼, 준공도서, 사양서 등 유지보수 및 자재관리 관련 기술자료 관리 | I47: ○ 도면, 매뉴얼, 준공도서, 사양서, 지침서 등 유지보수 및 자재관리 관련 기술자료의 파일형태 등록/수정/삭제 기능 ○ 기술자료는 PDF, CAD, 이미지, 오피스 문서 등 다양한 형식의 파일 등록 기능 ○ 등록된 기술자료의 파일명, 내용 등 조건에 따른 조회 및 열람, 다운로드 기능 ○ 기술자료 개정 시, 이전 버전의 이력관리 기능 | M47: VIII. 유지보수
A48: SFR | B48: =A48&"-"&TEXT(COUNTIF($A$4:$A48, A48), "000") -> SFR-044 | D48: =IFERROR(VLOOKUP(C48,B:F,5,0),"") | E48: 예산관리 | F48: 예산관리 | G48: 필수 | H48: 예산관리 | I48: ○ 지사/본사간 차년도 예산관리 (SAP 연계 불필요) - 차년도 필요 예산을 지사별 담당자가 지정된 기간에 주관부서(과)/종류/총금액/월별금액 등의 정보를 등록/수정하는 기능(타 지사 신청 예산 확인 가능) - 지사별 예산 등록 기간 종료 이후, 본사 예산 담당자에 의해 각 지사별 등록 예산의 비용 조정 등 차수(이력) 관리 기능 - 차수(이력)는 제한없이 증가 - 각 차수별 변경 사항의 비교 기능 - 차수 종료 이후, 각 지사별 담당자가 최종 확정 예산 확인 기능(타 지사 확정 예산 확인 가능) - 당해 년도 확정 예산 운영 중, 비상·긴급 예산 편성 필요 시 각 지사별 담당자가 긴급 예산 신청 기능 - 각 항목별 확정 예산의 실적 관리 기능(작업/공사에서 사용 예산으로 필수 선택) - 본사 예산 담당자의 각 지사별 비상·긴급 예산 신청 내용 조회 기능 | M48: X. 예산관리(플랜트기술처)
A49: SFR | B49: =A49&"-"&TEXT(COUNTIF($A$4:$A49, A49), "000") -> SFR-045 | D49: =IFERROR(VLOOKUP(C49,B:F,5,0),"") | E49: 건설관리 | F49: 공통 -결재 | G49: 필수 | H49: 시스템 내 결재 업무 시 공통적인 사항 | I49: ○ 결재 진행 중 결재선 수정 기능 ○ 모든 결재자의 결재문서에 대한 의견 등록 기능 ○ 결재가 완료되지 않은 문서의 최종승인 전에 회수 기능 ○ 결재가 부재 시 대결자 관리 기능 ○ 담당자 변경 시 이전 담당자의 업무 이력 공유 기능 ○ 프로젝트 담당자 변경 시 결재라인의 자동 변경 기능 ○ 결재 지연 발생 시 알림 기능 ○ 문서별로 결재 후 회신 프로세스 적용 검토(참조용/승인용/건설용/준공용) | M49: 건설정보시스템 재구축 용역 SFR-001
A50: SFR | B50: =A50&"-"&TEXT(COUNTIF($A$4:$A50, A50), "000") -> SFR-046 | D50: =IFERROR(VLOOKUP(C50,B:F,5,0),"") | E50: 건설관리 | F50: 공통 -공람 | G50: 필수 | H50: 프로젝트 공람 기능 | I50: ○ 문서의 공람 기능 ○ 해당 지사 직원의 해당 지사 내 프로젝트 문서 공람은 가능, 편집은 불가능 ○ 건설처 직원의 모든 프로젝트 열람 가능 (편집 불가능) | M50: 건설정보시스템 재구축 용역 SFR-002
A51: SFR | B51: =A51&"-"&TEXT(COUNTIF($A$4:$A51, A51), "000") -> SFR-047 | D51: =IFERROR(VLOOKUP(C51,B:F,5,0),"") | E51: 건설관리 | F51: 공통 -첨부 | G51: 필수 | H51: 파일 업로드 및 다운로드 기능 | I51: ○ 모든 파일의 암호화되며, 정상적인 경로로 다운로드 시 복호화 기능 ○ 파일 등록 시 승인자, 검토자, 통보자 지정 기능 ○ 등록된 파일을 건설사, 설계사가 확인할 수 있도록 자동 배포 기능 ○ 첨부파일의 개별 또는 일괄 업로드/다운로드 기능 ○ 다운로드 이력 확인 기능 ○ 다운로드 권한관리 기능 | M51: 건설정보시스템 재구축 용역 SFR-003
A52: SFR | B52: =A52&"-"&TEXT(COUNTIF($A$4:$A52, A52), "000") -> SFR-048 | D52: =IFERROR(VLOOKUP(C52,B:F,5,0),"") | E52: 건설관리 | F52: 건설정보시스템 메인화면 -대시보드 | G52: 필수 | H52: 건설정보시스템 대시보드 메인화면 기능 (사용자 관련 건설정보 내 프로젝트 전반) | I52: ○ 대시보드는 [건설프로젝트, 건설자료실, 구축예정(BIM 설계), 현장기술지원(토건시설물)]으로 구성 ○ 건설프로젝트는 [진행 프로젝트]로만 구성 - 진행 프로젝트는 아직 완료되지 않은 프로젝트들이며, 진행 프로젝트가 완료 처리되면 건설자료실로 이관되며(모드 이력관리) - AS -BUILT 도면만 스마트 도면 또는 설비마스터로 등록 및 자동 이관 - 각 프로젝트 리스트는 건설지사 단위의 트리구조로 구성, 건설지사 클릭 시 해당 지사 하위 프로젝트가 나열되는 직관적인 리스트로 구성 - 프로젝트 리스트 트리구조는 원하는 구성으로 수정가능 - 특정 프로젝트 선택 시 해당 프로젝트의 메인화면 팝업으로 이동 - 품질관리는 건설용으로 함, 지사 유지보수용은 별도 카테고리로 구성됨 ○ 건설자료실은 [완료 프로젝트]로 구성 - 지사별로 표기하며, 년도별로 표기 요망, 해당 건 클릭 시 팝업으로 업무 처리 ○ 구축예정(BIM 설계) 는 추후 건설처 의견 반영후 구성 ○ 현장기술지원(토건시설물) - 토건시설물은 건설관리부 토건시설물 유지보수 기술지원 시행에 해당하며, - 기술지원(공법선정, 예상공사비, 예산협조 등) 요청 등록 및 기술지원서 의견 송부, 시설물 유지관리 기록대장으로 구성 (별도 양식 제공) - 품질관리는 지사 내 입회요청 및 입회결과로 구성 (별도 양식 제공) [(품질관리(건설용) 및 품질관리(건설용) -현황 내용 참조] -> PIMS 에서 자동 연계 | M52: 건설정보시스템 재구축 용역 SFR-004
A53: SFR | B53: =A53&"-"&TEXT(COUNTIF($A$4:$A53, A53), "000") -> SFR-049 | D53: =IFERROR(VLOOKUP(C53,B:F,5,0),"") | E53: 건설관리 | F53: 건설정보시스템 메인화면 -상단메뉴 | G53: 필수 | H53: 건설정보시스템 상단메뉴 메인화면 기능(프로젝트와 무관하게 상시 조회 가능한 메뉴로 구성) | I53: ○ 대시보드는 [프로젝트명, 요청업무, DELAY, 통합검색]으로 구성 ○ 프로젝트명은 [진행 프로젝트, 당해년도 완료 프로젝트]로 구성 - 진행 프로젝트는 아직 완료되지 않은 프로젝트들이며, 진행 프로젝트가 완료 처리되면 완료 프로젝트 목록에 해당 프로젝트가 나열 - 각 프로젝트 리스트는 건설지사 단위의 트리구조로 구성되며, 건설지사 클릭 시 해당 지사 하위 프로젝트가 나열되는 직관적인 리스트로 구성 - 프로젝트 리스트 트리구조는 원하는 구성으로 수정가능 - 특정 프로젝트 선택 시 해당 프로젝트의 메인화면 팝업으로 이동 - 건설공사(명칭 : 기본설계용역, 실시설계용역, 주기기구매, 건설공사) / 사급자재 구매 ZONE 으로 분류하며, 상하로 분리 ○ 요청업무는 [오늘 할일, 결재완료]로 구성 - 오늘 할일 : 검토중인 문서로, 결재완료하기 전까지 남아있으며, DELAY는 카운팅 되는 구조 - 결재완료 : 결재완료 처리된 문서, 다른분야 처리사항도 체크가능함 - 각 요청업무는 [문서송부전/처리전, SUBMITTAL 의뢰서/의견서, 업무지시전/업무처리전]으로 구성 - 문서번호는 우리공사 건설업무지침서 준용(분야별, 기자재별 번호 별도 부여) - 계약명, 제목, 공통된 내용, 작성일, 문서번호 등이 리스트로 구성되며, 해당 건 클릭 시 팝업으로 업무 처리 ○ DELAY 는 오늘할일 옆 숫자로 구성되며, 색깔로 위험을 구분 (예시 : D -5 보라, D -3 파랑, D -2 녹색, D -1 노랑, D -DAY 주황, D+1 빨강) ○ 통합검색 - 제목, 내용, 첨부파일명, 첨부파일내용, 상세검색, 논리검색 등 모든 정보의 검색 - 성과물 처리 현황 검색 - 성과물 변경 이력 내역 검색 - 모든 조회 화면의 개별 필드 확장/정렬 기능 - 부여된 권한에 따라 본인 프로젝트 외 진행중인 타프로젝트의 건설자료 조회 기능 | M53: 건설정보시스템 재구축 용역 SFR-005
A54: SFR | B54: =A54&"-"&TEXT(COUNTIF($A$4:$A54, A54), "000") -> SFR-050 | D54: =IFERROR(VLOOKUP(C54,B:F,5,0),"") | E54: 건설관리 | F54: 프로젝트 메인화면 -대시보드 | G54: 필수 | H54: 프로젝트별 메인화면 중 대시보드 기능 | I54: ○ 프로젝트 정보는 프로젝트 기본정보(계약사항 등), 프로젝트 진행상태 등 프로젝트 관련 정보 표시 ○ 요청업무는 해당 프로젝트에 대한 [오늘 할일, 결재완료]로 구성 - 요청업무 알림을 개인 환경설정에 따라 수신 - 요청한 일에 대한 진행 상태를 체크 - 요청받은 문서를 재배포·공람 - 요청받은 문서에 대한 의견의 취합 - 재전송(Revision) 문서를 목록에 표시 - 완료된 요청 건은 별도로 관리하여 조회 ○ DELAY은 해당 프로젝트 도면검토 사항에 대한 숫자 지연으로 표기 - 마감임박( -3일~ -1일), 지연(+1일이후~) 건에 대한 알람 설정으로 표기 | M54: 건설정보시스템 재구축 용역 SFR-006
A55: SFR | B55: =A55&"-"&TEXT(COUNTIF($A$4:$A55, A55), "000") -> SFR-051 | D55: =IFERROR(VLOOKUP(C55,B:F,5,0),"") | E55: 건설관리 | F55: 프로젝트 메인화면 -좌측메뉴 | G55: 필수 | H55: 프로젝트별 메인화면 중 좌측메뉴 기능 | I55: ○ 메뉴는 [프로젝트 정보, 협업, 품질관리]로 구성 ○ 메뉴는 트리구조 메뉴가 직관적으로 나열 ○ 프로젝트 정보는 [개요, 조직도]으로 구성 ○ 협업은 [문서송부전/처리전, SUBMITTAL 의뢰서/의견서, 업무지시전/업무처리전]으로 구성 ○ 품질관리는 [입회신청서, 입회결과서]으로 구성 - 조직도는 해당 프로젝트 관련 인력POOL이 트리구조로 표시하며, - (참조용, 승인용, 건설용) 건설처 모든 직원이 검색 가능토록 하되, 프로젝트 지정한것만 검토의견 달수 있음 - (준공용 -PIMS 이관) 모든 직원이 볼 수 있으며, 이력관리에 대해서는 건설처 직원만 볼 수 있음 | M55: 건설정보시스템 재구축 용역 SFR-007
A56: SFR | B56: =A56&"-"&TEXT(COUNTIF($A$4:$A56, A56), "000") -> SFR-052 | D56: =IFERROR(VLOOKUP(C56,B:F,5,0),"") | E56: 건설관리 | F56: 프로젝트 정보 | G56: 필수 | H56: 프로젝트 정보 기능 | I56: ○ 프로젝트 정보는 [조직도]으로 구성 - 개요는 해당 프로젝트의 코드 등 표시 - 조직도는 해당 프로젝트 관련 인력들이 트리구조로 표시 | M56: 건설정보시스템 재구축 용역 SFR-008
... A74: SFR | B74: =A74&"-"&TEXT(COUNTIF($A$4:$A74, A74), "000") -> SFR-070 | D74: =IFERROR(VLOOKUP(C74,B:F,5,0),"") | E74: 건설관리 | F74: 첨부 Viewer를 통한 편집 기능 | G74: 필수 | H74: 첨부 Viewer 툴을 이용한 열람, 편집 기능 | I74: ○ 첨부파일 중 도면 열람은 서버에 있는 파일을 로컬 PC로 다운받지 않고 계약상대자가 제공하는 첨부 Viewer로 열람 가능 ○ 첨부 Viewer에서 검토 의견을 Markup(선, 텍스트, 도형입력 등)으로 표현 ○ 첨부 Viewer에서 워터마크 표시 기능 ○ 문서 출력 시 출력 화면에 정보(출력자, 출력일시 등)의 표시 ○ 첨부 Viewer에서 텍스트를 색인하여 관련 자료의 검색 기능 | M74: 건설정보시스템 재구축 용역 SFR -025
A75: SFR | B75: =A75&"-"&TEXT(COUNTIF($A$4:$A75, A75), "000") -> SFR-071 | D75: =IFERROR(VLOOKUP(C75,B:F,5,0),"") | E75: 공통 | F75: 공통기능 - 매뉴얼관리 | G75: 필수 | H75: 매뉴얼 및 사용자 세부 매뉴얼에 관한 사항 | I75: ○ 사용자를 위한 내/외부 시스템별 매뉴얼이 작성되어야 한다.(동영상포함) ○ 시스템 메뉴별 세부 업무정보를 확인할 수 있는 매뉴얼 바로 확인 기능이 구현되어야 한다. - 매뉴얼 선택 시 업무 추진 시 검토 필요한 주요 착안 사항이 보여진다. - 시스템 기능, 규정 등 검토해야 할 사항이 반영되어야 한다. | J75: 매뉴얼(사용자/운영자) | M75: I. 스마트 유지보수, 자재관리 시스템
A76: SFR | B76: =A76&"-"&TEXT(COUNTIF($A$4:$A76, A76), "000") -> SFR-072 | D76: =IFERROR(VLOOKUP(C76,B$76:F$76,5,0),"") | E76: 성과측정 | F76: 시스템 성과측정 및 로그 개발 | G76: 필수 | H76: 시스템의 목표 달성 여부를 객관적으로 측정하기 위해 성과지표를 수립 | I76: ○ 성과관리 지침 준수 - '전자정부 성과관리 지침' 및 관련 매뉴얼에서 제시하는 성과측정 방법론을 준수하여 사업을 수행해야 함. ○ 성과측정 계획 수립 - 사업 착수 단계에서 성과달성 지표 설계 내역이 포함된 '시스템 성과측정 계획서(안)'를 제출하여 발주기관의 승인을 받아야 함. - 성과지표는 기능별로 구체화되어야 하며, 측정 가능한 정량적 지표를 우선적으로 반영함. ○ 성과측정 로그 설계 및 개발 - 기능점수(FP) 및 단위 기능별 성과측정이 가능하도록 시스템 내 로그 생성 기능을 설계 및 개발 역무에 포함해야 함. - 생성된 로그는 사용자의 이용 행태, 시스템 처리 효율성 등 성과지표 측정의 기초 자료로 활용될 수 있어야 함. | J76: 시스템 성과측정 계획서(안) | N76: 일상감사 사전검토 반영
A77: SER | B77: =A77&"-"&TEXT(COUNTIF($A$4:$A77, A77), "000") -> SER-001 | D77: =IFERROR(VLOOKUP(C77,B:F,5,0),"") | E77: 보안 요구사항 | F77: 공통기능 -외부 접근 제한 | G77: 필수 | H77: 외부 접근 제한 | I77: ○ 외부 접근 제한 - 외부 접근 시, 권한에 따라 메뉴/정보조회 등의 기능 제한 관리 기능 - 외부 접근은 PC 환경과 모바일 앱(이하, 모바일)에서 가능하며, 우리 공사 보안 규정(OTP / MDM 등) 준수 - 우리 공사 직원의 외부 접근(PC/모바일)은 OTP 로 로그인 처리 - 협력사 직원의 외부 접근(PC/모바일)은 시스템에서 1일 접근 코드를 생성 후 휴대폰 문자로 전송 - 협력사별 대표 계정을 관리하고, 대표 계정으로 협력사의 사용자 계정 관리 ○ 사용자 권한 설정 제시 - 시스템에 보관되어 있는 각종 데이터와 사용자 인증정보의 올바른 보관과 활용을 위해 자료의 검색 및 조회에 대한 접근 권한을 규정하여 관리할 수 있어야 함 - 사용자(내·외부)를 분류하여 등급 및 역할에 따라 정보 공개 및 접속 권한 여부를 설정하도록 함 - 보관되어 있는 각종 데이터와 사용자 인증정보의 올바른 보관과 활용을 위해 자료의 검색 및 조회에 대한 접근 권한을 규정하여 관리되어야 함 ○ 사용자 접근제어 - 업무기능별로 사용자 권한부여가 가능하도록 개발되어야 함 - 사용자 권한에 따른 데이터 접근범위 제한(권한관리)하여야 함 | N77: 사이버보안센터 의견 반영
A78: SER | B78: =A78&"-"&TEXT(COUNTIF($A$4:$A78, A78), "000") -> SER-002 | D78: =IFERROR(VLOOKUP(C78,B:F,5,0),"") | E78: 보안 요구사항 | F78: 정보누출금지 | G78: 필수 | H78: 정보누출금지 사항 | I78: ○ 정보누출금지 - 사업수행기간 중 '국가정보보안 기본지침', 우리공사의 '정보보안규정' 등 정보보호 관련 법규 준수 - 용역수행사(하도급사 포함)의 우리 공사 보안정책 위반 시, 위반처리 기준에 따라 위반자 및 관리자를 조치하고, 보안위약금 부과 기준에 따라 공사가 부과한 보안 위약금을 납부해야 함 - 사업 수행에 사용되는 문서, 인원, 장비 등에 대한 물리적, 관리적, 기술적 보안대책 및 ‘누출금지 대상정보’에 대한 보안관리계획 사업수행계획서에 기재 - 정보 누출 시 공사는 국가계약법 시행령 제76조에 따라 사업자를 부정당업체로 등록처리 함 - 사업 수행과정에서 취득한 자료와 정보에 대해 사업수행 중 및 사업 완료 후 외부 유출을 금지하고, 사업종료 시 정보보안담당자의 입회하에 완전 폐기 또는 반납함 - 정보누출금지 대상 정보는 다음과 같음 ○공사 소유 정보시스템의 내ㆍ외부 IP주소 현황 ○세부 정보시스템 구성현황 및 정보통신망 구성도 ○사용자계정ㆍ비밀번호 등 정보시스템 접근권한 정보 ○정보통신망 취약점 분석·평가 결과물 ○용역사업 결과물 및 프로그램 소스코드 ○국가용 보안시스템 및 정보보호시스템 도입 현황 ○침입차단시스템ㆍ방지시스템(IPS) 등 정보보호제품 및 라우터ㆍ스위치 등 네트워크 장비 설정 정보 ○「공공기관의 정보공개에 관한 법률」제9조제1항에 따라 비공개 대상 정보로 분류된 공사 내부문서 ○「개인정보보호법」제2조제1호의 개인정보 ○「보안업무규정」제4조의 비밀 및 동 시행규칙 제7조제3항의 대외비 ○ 그 밖에 사장이 공개가 불가하다고 판단한 자료
A79: SER | B79: =A79&"-"&TEXT(COUNTIF($A$4:$A79, A79), "000") -> SER-003 | D79: =IFERROR(VLOOKUP(C79,B:F,5,0),"") | E79: 보안 요구사항 | F79: 보안위규 처리 기준 | G79: 필수 | H79: 보안위규 처리기준에 관한 사항 | I79: ○ 보안위규 사항 - 심각 (처리기준 : 사업참여 제한, 위규자 중징계, 재발방지 조치계획 제출, 위규자 대상 특별보안교육 실시) - 비밀 및 대외비 급 정보 유출 및 유출 시도 : 정보시스템에 대한 구조, 데이터베이스 등의 정보 유출 / 개인정보 및 신상정보 목록 유출 / 비공개 항공사진 및 공간정보 등 비공개 정보 유출 - 정보시스템에 대한 불법적 행위 : 관련 시스템에 대한 해킹 및 해킹 시도 / 시스템 구축 결과물에 대한 외부 유출 / 시스템 내 인위적인 악성코드 유포 ○ 보안위규 사항 - 중대 (처리기준 : 위규자 중징계, 재발방지 조치계획 제출, 위규자 대상 특별보안교육 실시) - 비공개 정보 관리 소홀 : 비공개 정보를 책상 위 등에 방치 / 비공개 정보를 휴지통ㆍ폐지함 등에 유기 또는 이면지 활용 / 개인정보ㆍ신상정보 목록을 책상 위 등에 방치 / 기타 비공개 정보에 대한 관리소홀 - 사무실ㆍ보호구역 보안관리 허술 : 통제구역 출입문을 개방한 채 퇴근 등 / 인가되지 않은 작업자의 내부 시스템 접근 / 통제구역 내 장비·시설 등 무단 사진촬영 - 전산정보 보호대책 부실 : 업무망 인터넷망 혼용사용, 보안 USB 사용규정 위반 / 웹하드·P2P 등 인터넷 자료공유사이트를 활용하여 용역사업 관련 자료 수발신 / 개발·유지관리 시 원격작업 사용 / 저장된 비공개 정보 패스워드 미부여 / 인터넷망 연결 PC 하드디스크에 비공개 정보를 저장 외부용 PC를 업무망에 무단 연결 사용 / 보안관련 프로그램 강제 삭제 / 사용자 계정관리 미흡 및 오남용(시스템 불법접근 시도 등) ○ 보안위규 사항 - 보통 (처리기준 : 위규자 중징계, 위규자 사유서ㆍ경위서 징구, 위규자 대상 특별보안교육 실시) - 공사 제공 중요정책ㆍ민감 자료 관리 소홀: 주요 현안ㆍ보고자료를 책상위 등에 방치 / 정책ㆍ현안자료를 휴지통ㆍ폐지함 등에 유기 또는 이면지 활용 - 사무실 보안관리 부실 : 캐비넷ㆍ서류함ㆍ책상 등을 개방한 채 퇴근 / 출입키를 책상위 등에 방치 - 보호구역 관리 소홀 : 통제ㆍ제한구역 출입문을 개방한 채 근무 / 보호구역내 비인가자 출입허용 등 통제 미실시 - 전산정보 보호대책 부실 : 휴대용저장매체를 서랍ㆍ책상 위 등에 방치한 채 퇴근 / 네이트온 등 비인가 메신저 무단 사용 / PC를 켜 놓거나 보조기억 매체(CD, USB 등)를 꽂아 놓고 퇴근 / 부팅ㆍ화면보호 패스워드 미부여 또는 "1111" 등 단순숫자 부여 / PC 비밀번호를 모니터 옆 등 외부에 노출 / 비인가 보조기억매체 무단 사용 ○ 보안위규 사항 - 경미 (처리기준 : 위규자 서면ㆍ구두 경고 등 문책, 위규자 사유서ㆍ경위서 징구) - 업무 관련서류 관리 소홀 : 진행중인 업무자료를 책상 등에 방치, 퇴근 / 복사기ㆍ인쇄기 위에 서류 방치 - 근무자 근무상태 불량 : 각종 보안장비 운용 미숙 / 경보ㆍ보안장치 작동 불량 - 전산정보 보호대책 부실 : PC내 보안성이 검증되지 않은 프로그램 사용 / 보안관련 소프트웨어의 주기적 점검 위반
A80: SER | B80: =A80&"-"&TEXT(COUNTIF($A$4:$A80, A80), "000") -> SER-004 | D80: =IFERROR(VLOOKUP(C80,B:F,5,0),"") | E80: 보안 요구사항 | F80: 보안위약금 부과 기준 | G80: 필수 | H80: 보안 위약금 부과 기준에 관한 사항 | I80: ○ 보안 위약금 부과 기준 - 위규 수준별 A~D 등급 차등 부과 - A급 : 심각 1건 (부정당업자 등록) / B급 : 중대 1건 (계약금의 10% 이하) / C급 : 보통 2건 이상 (계약금의 5% 이하) / D급 : 경미 3건 이상 ( 계약금의 2% 이하) - 보안 위약금에 대한 사항은 다른 요인에 의해 상쇄 및 삭감 할 수 없도록 부과 (타 항목과 별도 부과) - 사업 종료 시 지출금액 조정을 통해 위약금 정산
A81: SER | B81: =A81&"-"&TEXT(COUNTIF($A$4:$A81, A81), "000") -> SER-005 | D81: =IFERROR(VLOOKUP(C81,B:F,5,0),"") | E81: 보안 요구사항 | F81: 보안 사항 | G81: 필수 | H81: 용역 수행 시 보안에 관한 사항 | I81: ○ 보안사항 - 정보누출금지 관련 「보안서약서」를 착수계 제출 시 포함하여 제출 - 사업 착수 후, 용역수행사 대표 및 참여기술자는 즉시 정보누출금지 관련 보안교육을 받은 후 사업 수행 - 참여기술자의 변경 등이 있는 경우, 보안서약서 제출 및 보안교육을 받은 후 참여 - 과업수행계획서의 보안대책사항에는 비밀정보의 범위, 보안준수 사항, 자료의 반환 등의 내용이 포함되어야 함 - 용역수행사가 하도급 계약을 체결할 경우 본 용역계약 수준의 비밀 유지하는 조항 포함 - ‘누출금지 대상정보’를 공사에 요청할 경우, ‘자료관리 대장’에 인계자ㆍ인수자 서명 후 제공받고 용역완료시 관련 자료 반납 - 관련자료 및 사업과정에서 생산된 산출물을 우리 공사의 파일 서버에 저장 또는 공사가 지정한 PC에 저장ㆍ관리해야 함 - 용역 관련 자료는 인터넷 웹하드ㆍP2P 등 인터넷 자료공유 사이트 및 개인메일함에 저장을 금지함 - 우리 공사와 용역수행사간 전자우편을 이용해 자료전송이 필요한 경우, 첨부자료 암호화 후 수발신(단, 대외비 이상의 비밀은 전자우편 수발신 금지) - 우리 공사가 제공한 사무실에서 용역을 수행할 경우, 제공한 비공개자료는 매일 퇴근시 반납하고, 일반문서는 제공된 사무실에 시건장치가 된 보관함이 있을 경우 이에 보관 가능 - 본 용역사업 수행으로 생산되는 산출물 및 기록은 공사가 인가하지 않은 비인가자에게 제공ㆍ대여ㆍ열람 금지 - 공사는 용역 업무를 수행하는 공간에 대한 정기적 보안점검 실시할 수 있음 - 용역수행에 필요한 노트북 등 관련 장비 외부 반출입시마다 악성코드 감염여부 및 자료 무단반출 여부를 확인받아야 함 - 인가받지 않은 USB 등의 휴대용 저장매체 사용 금지 - 산출물 저장을 위해 휴대용 저장매체가 필요한 경우, 공사의 승인하에 사용 가능 | J81: 보안서약서, 보안교육 결과보고서, 자료관리 대장, 반출입 관리대장
A82: SER | B82: =A82&"-"&TEXT(COUNTIF($A$4:$A82, A82), "000") -> SER-006 | D82: =IFERROR(VLOOKUP(C82,B:F,5,0),"") | E82: 보안 요구사항 | F82: 망 접근 관련 보안사항 | G82: 필수 | H82: 망 접근 시 보안 관리 | I82: ○ 망 접근 보안 관리 - 용역수행사가 사용하는 전산장비는 사내 보안정책을 동일하게 적용함 - 부팅 비밀번호, 윈도우 비밀번호, 화면보호기 비밀번호 등 비밀번호 9자리 이상 혼합 설정 및 분기별 1회 변경 - 최신 백신프로그램 설치를 통한 주기적 검사 및 실시간 감시기능 사용 - 사이버보안 진단의 날 “내PC지킴이” 실행을 통한 취약점 조치를 해야 함 - 사내 상시 인력은 데스크탑을 사용하고, 용역 종료시까지 반출은 불허함 - 용역수행사가 사용하는 PC는 인터넷 연결을 금지하되, 사업수행상 연결이 필요한 경우 공사의 보안통제하에 제한적으로 허용 가능 - 본 용역사업을 수행하는 정보통신망에서는 P2P, 웹하드 등 인터넷 자료공유 사이트로의 접속 불가 ○ 구간 암호화 개념 정의 - 사용자 PC부터 웹서버구간 간 암호화방식을 적용하여 구현하여야 함 - 정보시스템 로그인 시 정보통신망으로 전송되는 중요정보(아이디, 패스워드와 같은 로그인 정보 및 주민등록번호 등)에 대해 스니핑 등의 위협 으로부터 보호하기 위하여 SSL, TLS 등 네트워크 구간 암호화 조치 수행 하여야 함 ○ 시스템 간 자료 교환 시 기밀성, 무결성, 접근제어 등을 보장하여야 함 - 침입차단서버와 관리자PC 간 통신 시 구간 암호화, 무결성을 제공하고 관리자 IP를 등록하여 관리자PC에서만 서버에 접근 가능 - 침입차단서버와 센서 간 통신 시 구간 암호화, 무결성을 제공 ○ VPN 외부연동 보안 개념 정의 - 외부망에서 업무시스템 접속시에는 VPN 방식 사용하므로 이를 고려하여 시스템을 구축하여야 함 ○ VM 외부연동 보안 개념 정의 - VM(장비 또는 소프트웨어)를 이용하여 외부망에서 업무시스템 접속 시에는 이를 고려하여 시스템을 구축하여야 함 ○ 전송자료 암호화 개념 정의 - 대외 연계서버와 대외기관 중계 서버 간에는 전송되는 자료는 서버용 전송자료 암호화를 적용하여 전송하여야 함 ○ 서비스 이용자와 서버구간 정보 전송시 암호화 조건 - 중요정보에 대해 스니핑 등의 위협으로부터 보호하기 위하여 SSL 등 네트워크 구간 암호화 조치를 수행하여야 함 ○ 연계 데이터의 암호화 - 관련 데이터 송수신 시 국가 표준 암호화알고리즘 등을 적용하여 데이터 암호화 및 복호화를 수행해야 함 ○ 연동 보안 일반 개념 정의 - 연계서버와 업무서버 영역 간에는 사전 정해진 데이터 형식만 전달 하도록 함 | N82: 사이버보안센터 의견 반영
A83: SER | B83: =A83&"-"&TEXT(COUNTIF($A$4:$A83, A83), "000") -> SER-007 | D83: =IFERROR(VLOOKUP(C83,B:F,5,0),"") | E83: 보안 요구사항 | F83: 사업 진행 단계별 보안 사항 | G83: 필수 | H83: 사업 진행 단계별 보안 관련 관리해야 할 사항 | I83: ○ 사업 착수단계 보안 사항 - 우리 공사의 각종 보안 관련 지침 확인 - 각종 보안서약서 및 확약서 작성 및 제출 ○ 사업 분석 단계 보안 사항 - 보안 요구사항 식별 및 정보보호 정책 수립 ○ 사업 수행 단계 보안 사항 - 목표시스템 구축 시(프로그램 및 DB 등 전반적인 영역) 보안 적용 - 외부 인터페이스 식별 및 연계 시 보안 적용 - 개발환경 보안 및 보안 요건에 따른 테스트 절차 설계 및 수행 - 보안 표준/가이드 수립 및 교육 - 보안솔루션 적용방안 점검 ○ 사업 완료 단계 보안 사항 - 사업 완료 후 생산되는 최종 산출물 중 대외보안이 요구되는 자료는 대외비 이상으로 작성ㆍ관리 - 그 외 불필요한 자료는 삭제 및 폐기 - 용역수행사에 제공한 자료, 장비, 서류와 중간ㆍ최종 산출물 등 용역과 관련된 제반 자료는 전량 회수 및 복사본 등 별도 보관 금지 - 사업 완료 후 업체소유 PC서버. 노트북 등 전자기록 저장매체는 국가정보원장이 검증한 삭제 장비(공사 제공)로 완전 삭제 후 반출 - 반입 장비중 SSD 등 저장매체의 경우 사업종료 후 완전 파괴 (반출 불가) - 용역사업 관련 자료 회수 및 삭제 조치 후, 복사본 등 용역사업 관련 자료 미보유에 대한 수행사 대표 명의의 확약서 징구 - 용역수행사가 지식재산권 행사를 위해 필요한 SW산출물의 반출을 요청하는 경우, 비밀정보를 제외한 산출물을 공사가 별도 제공 - 산출물은 보안규정 준수를 전제로 제공하며 타 기관 등으로 누출 금지 | J83: 보안확약서
A84: SER | B84: =A84&"-"&TEXT(COUNTIF($A$4:$A84, A84), "000") -> SER-008 | D84: =IFERROR(VLOOKUP(C84,B:F,5,0),"") | E84: 보안 요구사항 | F84: 로그인, 사용자 정보 관리 | G84: 필수 | H84: 사용자 정보 관리, 계정 및 권한 관리 | I84: ○ 패스워드, 주민번호 등 각 기능에서 명시된 [중요 데이터]는 반드시 암호화하여 DB에 저장하고, 일반 사용자는 직접 DB 접근을 할 수 없음 ○ 사용자 인증정보, 주민등록번호, 패스워드 등 보안이 요구되는 정보를 소스코드에 직접 하드코딩 하지 않아야 함 - 장비 접속 시 사용자 인증을 수행해야 함 - 비밀번호는 발주기관의 정책을 준수해야 함 ○ 사용자계정 접근 관리 개념 정의 - 사용자를 등급 및 역할에 따라 분류하고 정보 공개 및 접속 여부 설정 가능 - 센터/부서/권한별 그룹설정 등 사용자 계정 형태의 권한 관리 기능 필요 - 시스템 관리자 계정은 별도로 부여하며 인사이동 등으로 관리자가 변경될 경우 기존 관리자가 신규 관리자를 등록할 수 있도록 구현 - 외부사용자용 등록, 권한부여, 조회화면 기능 개발 - 보안 및 개인정보 보호를 위한 사용자 접근 및 정보 수정에 대한 로그 기록 및 확인 기능 필요 - 계약상대자는 정보시스템 사용자 계정 이용 시, 부여된 권한 이외 접근을 불허하며 부여된 패스워드는 임의 변경 및 타인에게 불허 ○ 클라이언트에 인증정보 및 세션정보를 저장하지 않는 것을 원칙으로 하고, 클라이언트에 저장할 경우 암호화 등 보호방안을 수립 ○ SSO 인증 요구사항 - 로그인 한번으로 전체 시스템을 사용할 수 있도록 통합인증 체계 구축 - SSO는 ID/PW 및 PKI 인증을 지원 - SSO는 권한관리시스템과 연계하여 사용자 권한설정을 지원 - SSO는 내부 사용자 SSO와 외부 SSO를 구분하여 구축 - 신규 SSO는 기존의 사용자 정보를 이용, 사용자에 대한 통합 인증 수행 - 사용자 인증정보는 암호화 통신을 해야 하며 국제 표준 및 국가기관용 암호알고리즘을 지원 ○ 정보시스템 로그인에 대한 보안조치 수행 - 로그인 실패 횟수가 5회 이상시 접속을 제한 - 다수가 동시에 동일한 사용자 계정으로 로그인하지 못하도록 동시 로그인 차단 ○ 회원그룹 및 권한 여부에 따른 로그인 정책 및 인증방식 적용 - 사용자를 분류하여 등급 및 역할에 따라 메뉴 및 기능이 다르도록 구현 - 접속 계정은 IP or MAC 주소 기반으로 접근이 가능하도록 구현 - 유휴 계정 정리 및 불법침입 방지 | N84: 사이버보안센터 의견 반영
A85: SER | B85: =A85&"-"&TEXT(COUNTIF($A$4:$A85, A85), "000") -> SER-009 | D85: =IFERROR(VLOOKUP(C85,B:F,5,0),"") | E85: 보안 요구사항 | F85: 시큐어 코딩 및 보안 취약점 제거 | G85: 필수 | H85: 시큐어 코딩 및 보안 취약점 제거 | I85: ○ 시스템 개발 시 OS 웹서버 등에 보안패치를 실시하여야 함 ○ 초기 개발 단계부터 ‘소프트웨어 개발보안 가이드(행정안전부)’를 적용하여 응용소프트웨어를 개발하여야 함 ○ 수행절차에 따라 다음의 가이드를 이행 - 요구정의 단계 : 시큐어 코딩 표준작성 및 개발자 교육 실시 - 설계/구현 단계 : 시큐어코딩 표준준수 및 검토 - 테스트 단계 : 시큐어코딩 진단 미 보안취약점 진단 ○ “행정기관 및 공공기관 정보시스템 구축ㆍ운영 지침” 의 별표3 ‘소프트웨어 보안약점 기준’을 참조하여 웹보안 취약점을 사전에 점검하고 조치 ○ 공사에서 제공하는 시큐어 코딩 진단 장비를 이용하여 개발에 적용함 ○ 도입되는 모든 정보자원은 발생할 수 있는 다양한 보안 취약점을 사전에 분석하고 제거를 완료하여 안전한 제품으로 설치 | J85: 취약점 진단 수행 결과서, 시큐어 코딩 점검 결과서 | N85: 일상감사 사전검토 반영
A86: SER | B86: =A86&"-"&TEXT(COUNTIF($A$4:$A86, A86), "000") -> SER-010 | D86: =IFERROR(VLOOKUP(C86,B:F,5,0),"") | E86: 보안 요구사항 | F86: 데이터 및 DB 암호화 | G86: 필수 | H86: 사용자 정보에 대한 저장 관리 방안 정의 | I86: ○ 패스워드, 주민번호 등 각 기능에서 명시된 [중요 데이터]는 반드시 암호화하여 DB에 저장하고, 일반 사용자는 직접 DB 접근을 할 수 없음 ○ 클라이언트에 인증정보 및 세션 정보를 저장하지 않는 것을 원칙으로 하고, 클라이언트에 저장할 경우 암호화 등 보호 방안을 수립 ○ 첨부파일 등 개인정보를 비정형데이터에 대한 암호화 지원 및 적정한 권한자만 조회/활용할 수 있도록 구현 ○ DBA (DB관리자) - 데이터베이스관리자를 따로 지정하여 데이터베이스 관리 - DB 사용자를 등록하고 적절한 역할(Role)과 권한(Privilege) 부여 - DB 사용자의 임의 접근을 차단하고, 접근을 허가한 경우라도 신청자의 업무와 관련된 DB에로의 접근만 허가 ○ DB 사용자 - DB Application사용자는 정당한 사유 없이 서버 Prompt에 접근금지 - 업무상의 이유로 DB에 접속할 경우라도 반드시 DBA의 허가 필요 ○ DB 저장 시 보안이 필요한 필드는 암·복호화 - 적용 대상 : 암호화되어 저장해야 할 보안 필드 - 적용 방안 : DB 보안솔루션 활용 또는 별도의 모듈로 암·복호화 ○ 암호화 대상 - DB서버 내 중요 개인정보(고유식별정보, 비밀번호) 등 - 개인정보에 대한 접근 이력을 관리하여야 함 ○ 프로그램(및 시스템) 및 DB보안 - 발주기관의 시스템 관리자를 제외하고는 DB에 직접 접근 할 수 없다. - 사용자 인증정보, 패스워드 등은 소스코드에 직접 하드코딩 하지 않고 전송 중에 암호화되어 해킹 등에 노출되지 않도록 하여야 한다. ○ DB 및 APP 서버 접근제한 - DB 및 APP 서버는 기본적으로 일반사용자의 임의 접근을 제한한다. - 접근을 허가한 경우라도 업무와 연관된 DB 및 APP 서버만 접근 허가가 가능하다. - 모든 DB 및 APP 서버의 접근은 관리자의 허가를 득한 후 사용가능하다 | J86: DB암호화 점검 결과서 | N86: 사이버보안센터 의견 반영
A87: SER | B87: =A87&"-"&TEXT(COUNTIF($A$4:$A87, A87), "000") -> SER-011 | D87: =IFERROR(VLOOKUP(C87,B:F,5,0),"") | E87: 보안 요구사항 | F87: 개인정보보호법 관련 준수 | G87: 필수 | H87: 개인정보 생애주기를 고려한 체계적인 개인정보보호법 준수에 대한 정의 | I87: ○ 개인정보를 다루는 프로세스는 다음의 사항을 고려하여 설계 및 구현 ○ 개인정보 생애 주기 단계 - 개인정보 항목 도출 (업무설계 시) 단계에서의 관리 방안 - 수집 (생성/제공) 단계에서의 관리 방안 - 이용/저장 단계에서의 관리 방안 - 제공/위탁 단계에서의 관리 방안 - 파기 단계에서의 관리 방안 ○ 세부 이행 내역은 본 기관과 개인정보/보안/업무 담당자 협의하여 정의 ○ 개인정보 보호 개념 정의 - 각 기능에 명시된 개인정보(이름, 사번 등)는 반드시 암호화하여 DB에 저장 - 관리자인 경우에도 화면에 해당 정보를 그대로 노출 불가 ○ 개인정보보호 강화를 위한 솔루션 적용 및 암호화 방안 - 실명인증 또는 공공 I-PIN, 회원가입에 의한 로그인 및 회원정보 관리 시 구간 암호화(SSL) 적용 ○ 소프트웨어 개발보안 준수(홈페이지 SW(웹) 개발보안 가이드라인) ○ 개인정보 안정성 확보조치 - 접근통제 및 접근권한 제한(관리자 계정 공유금지, 안전한 비밀번호) - 개인정보 암호화 관리 및 모든 데이터는 표준코드 사용 - 접속기록 보관 : 기본 2년 주기 삭제, 업무별 1년, 6개월, 3개월 차별화 - 보안프로그램 설치 : 소스코드 보안 솔루션을 이용한 모든 웹 어플리케이션 보안약점 점검(쿠키나 세션을 이용한 정보 저장 시 암호화된 데이터이 용) - 개인정보제공 동의 시 선택사항, 필수사항 구분 - 시스템 보안성을 충분히 감안하여 해킹 차단, 개인정보보호 기술을 적용하여 구축하며, 기존 웹 서비스 속도에 영향이 미치지 않도록 설계 - 웹 보안성을 위해 프로그램(코드부분)과 데이터 영역(게시물, 첨부물 등)을 엄격히 분리 개발 - 데이터 및 장비의 무결성 및 가용성 유지를 위해 백업정책에 참여하고 사고 발생 시 적시에 복구할 수 있도록 지원 ○ 개인정보 보호대책 및 강화 방안 제시 - 등록회원의 개인정보 보호를 위한 방안을 마련하고, 시스템으로 지원이 가능하도록 구축하고, 개인정보는 반드시 암/복호화 하여 사용 - 개인정보 보호관련 법규, 지침, 소프트웨어 개발보안 준수 - 개인정보 암호화 관리 및 모든 데이터는 표준코드 사용 - 시스템 보안성을 충분히 감안하여 해킹 차단, 개인정보보호 기술을 적용하여 구축, 기존의 웹 서비스 속도에 영향이 미치지 않도록 설계 - 모든 개인정보 유출방지를 위한 암호화 기능 구현 및 DB암호화 저장 - 데이터 및 장비의 무결성 ACL 가용성 유지를 위해 백업정책에 참여하고 사고 발생 시 적시에 복구할 수 있도록 지원 | N87: 사이버보안센터 의견 반영
A88: SER | B88: =A88&"-"&TEXT(COUNTIF($A$4:$A88, A88), "000") -> SER-012 | D88: =IFERROR(VLOOKUP(C88,B:F,5,0),"") | E88: 보안 요구사항 | F88: 기타 보안사항 | G88: 필수 | H88: 기타 보안사항 | I88: ○ Web 방식의 구현방법은 보안웹서버(https://)로 구현 ○ 조회 총괄 화면에서 개인정보로 식별된 정보가 표시되지 않도록 함 ○ 테스트 DB 및 목표 시스템 DB에 개인정보 데이터는 암호화하여 저장하고 필요시 복호화 ○ 사용자 인증 정보, 주민등록번호, 계좌번호, 패스워드 등 주요 민감정보는 소스코드에 직접 하드코딩 하지 않도록 함 ○ 외부 정보시스템과 연계하여 데이터를 송ㆍ수신할 때 데이터의 암호화 및 기록에 대한 보안방안을 제시하고 구현 ○ 공공기관 개인정보보호에 관한 법률에 의거 개인정보보호지침을 준수하여야 함 ○ 보안 기술 적용 개념 정의 - 보안요구사항 및 시스템간의 관련성을 분석하고 적용할 보안기술, 표준, 제안 방안 등을 구체적으로 제시 ○ 사용자, 업무부서, 시스템 권한 관리를 해야 함 ○ 계정 및 메뉴그룹 매핑 관리를 해야 함 ○ 관리자의 사용자계정 및 암호 등 권한 관리 및 보안 기능이 되어야 함 ○ 사용자(내/외부)의 작업 종류(열람, 출력 등), 작업 시간(로그 온/오프)등을 기록·저장 (1년 이상) 하고 공사 보유 통합로그시스템과 연계하여 관리하여야 함 ○ 본 사업의 보안성 검토 결과에 대한 보안성 조치를 완료하여야 함 - 서비스 오픈 전 국정원 보안성 검토 결과 반영 ○ 페이지 보안 개념 정의 - 관리자 페이지에 SQL인젝션, 크로스사이트스크립팅, 웹 쉘 업로드, 임의파일 다운로드 등의 웹 취약점이 없어야 함 - 관리자를 위한 별도의 클라이언트 프로그램을 제공할 경우 악용 가능한 취약점이나 기능이 없어야 함 ○ 웹페이지 보안에 관한 사항 - SQL인젝션, 크로스사이트스크립팅, 웹 쉘 업로드, 임의파일 다운로드, 디렉토리 리스팅 등의 웹 취약점이 없어야 함 - 관리자를 위한 별도의 클라이언트 프로그램을 제공할 경우 악용 가능한 취약점이나 기능이 없어야 함 ○ 서버(장비) 보안을 보장하여야 함 - 서비스에 필요한 데몬만 구동해야 함 - 침입차단 서버에(Appliance) 설치된 OS 및 데몬은 알려진 취약점에 대한 보안 패치가 적용되어야 함 - 서버점검항목에서 취약한 항목이 발생하지 않도록 보안설정이 되어야함 | N88: 일상감사 사전검토 반영
A89: SER | B89: =A89&"-"&TEXT(COUNTIF($A$4:$A89, A89), "000") -> SER-013 | D89: =IFERROR(VLOOKUP(C89,B:F,5,0),"") | E89: 보안 요구사항 | F89: API 보안 관리 | G89: 필수 | H89: API 사용 시 보안 관리 방안 | I89: ○ API 사용 시 다음의 보안 관리 방안을 준수해야 함 - API키 암호화된 파일 내 보관 - API키 사용자 접근 권한 최소화 및 정기 점검 - 악의적 활동 발견 시 대응 방안 마련 | N89: 일상감사 사전검토 반영
A90: DAR | B90: =A90&"-"&TEXT(COUNTIF($A$4:$A90, A90), "000") -> DAR-001 | C90: DAR-002 | D90: =IFERROR(VLOOKUP(C90,B:F,5,0),"") -> 데이터 표준관리 | E90: 데이터 요구사항 | F90: 데이터 표준 수립 및 상위표준 준수 | G90: 필수 | H90: 데이터 표준 수립 | I90: ○ 데이터 표준 개선·정비 및 상위표준 준수 - 시스템 고도화(기능 추가 등)에 따라 추가적으로 필요한 데이터 표준(단어, 용어, 도메인, 코드)을 정의하고 데이터베이스 표준(DB표준)에 추가(반영)하여야 함 - DB표준 정의 시 공통표준(공공기관의 데이터베이스 표준화 지침(행정안전부 고시), 공공데이터 공통표준용어·단어·도메인)과 발주기관의 기관표준(기관표준용어·단어·도메인·코드) 준용 여부를 식별할 수 있도록 하여야 함 - DB표준 수립 후 공사 내 표준관리시스템(SMETA) 내 업로드하여야 함 | J90: 표준용어 정의서, 표준단어 정의서, 표준도메인 정의서, 표준코드 정의서 (SMETA 업로드 후 산출물 다운로드하여 제출)
A91: DAR | B91: =A91&"-"&TEXT(COUNTIF($A$4:$A91, A91), "000") -> DAR-002 | C91: DAR-001 | D91: =IFERROR(VLOOKUP(C91,B:F,5,0),"") -> 데이터 표준 수립 및 상위표준 준수 | E91: 데이터 요구사항 | F91: 데이터 표준관리 | G91: 필수 | H91: 데이터 표준관리 방안 | I91: ○ 데이터 표준관리 방안 제시 - 공사 관리 기준을 적용하여 관리방안 제시 - 시스템 구축기간 동안 데이터 표준 관리를 위한 방안(변경이력 포함)을 제시하고 DB표준과 데이터 항목의 일치여부를 주기적으로 점검하여야 함 | J91: 데이터 표준관리 방안(매뉴얼, 가이드 등)
A92: DAR | B92: =A92&"-"&TEXT(COUNTIF($A$4:$A92, A92), "000") -> DAR-003 | C92: DAR-004 | D92: =IFERROR(VLOOKUP(C92,B:F,5,0),"") -> 데이터 구조 검증 | E92: 데이터 요구사항 | F92: 데이터 구조 설계 | G92: 필수 | H92: 데이터 구조설계 원칙 | I92: ○ 데이터 구조 설계 기준 제시 - 데이터 구조 설계(모델링) 기준을 제시하고 이를 준수하여 데이터 구조를 설계, 구현하여야 함 ○ 데이터 주제영역 정의 및 개념·논리·물리 모델 설계 - 데이터 활용, 업무요건 변화, 시스템 변경 등으로 인한 DB의 구조적 변화가 최소화될 수 있도록 유연한 구조로 설계하여야 함 - 업무규칙(BR) 처리를 위한 데이터 주제영역, 개념 데이터 모델, 논리 데이터 모델, 물리 데이터 모델이 설계되어야 함 - 데이터 설계 표준(데이터 분류체계, 명명 규칙, DB Object 사용기준 등)을 정의하고 적용하여야 함 - 공사 내 표준관리시스템(SMETA)을 이용하여 테이블, 컬럼 정의서를 업로드하여야 함 | J92: 데이터베이스정의서, 엔터티(개체)정의서, 애트리뷰트(속성)정의서, 데이터모델다이어그램정의서(개념·논리·물리), 테이블정의서(SMETA 활용), 컬럼정의서(SMETA 활용)
A93: DAR | B93: =A93&"-"&TEXT(COUNTIF($A$4:$A93, A93), "000") -> DAR-004 | C93: DAR-002 | D93: =IFERROR(VLOOKUP(C93,B:F,5,0),"") -> 데이터 표준관리 | E93: 데이터 요구사항 | F93: 데이터 구조 검증 | G93: 필수 | H93: 데이터 모델 검증 | I93: ○ 데이터 모델 검증 - 설계된 데이터 모델은 설계자 · 개발자 · 발주기관 · 전문가 등이 참여하여 검증하여야 함 - 각 단계별 데이터 모델 검증 시 기준을 정의하고 실시하여야 함 예) 논리데이터 모델 검증 기준 : 요구사항 대비 논리 모델의 완전성(논리데이터 모델이 비즈니스 요구사항의 누락 여부) : 정규화 충족 여부 예) 물리데이터 모델 검증 기준 : 중복 테이블 여부, 중복 컬럼 여부, 반정규화된 중복 데이터 정합성 유지 방안 여부 | J93: 데이터 모델 검증 계획·결과
A94: DAR | B94: =A94&"-"&TEXT(COUNTIF($A$4:$A94, A94), "000") -> DAR-005 | C94: DAR-002 | D94: =IFERROR(VLOOKUP(C94,B:F,5,0),"") -> 데이터 표준관리 | E94: 데이터 요구사항 | F94: 데이터 구조 관리 | G94: 필수 | H94: 데이터 구조 관리 방안 | I94: ○ 데이터 구조 관리 방안 제시 - 공사 관리 기준을 적용하여 관리방안 제시 - 시스템 구축기간 동안 데이터 구조 관리를 위한 방안(변경이력 포함)을 제시하고 DB의 형상과 물리데이터 모델의 형상 일치 여부를 주기적으로 점검하여야 함 | J94: 데이터 구조관리 방안(매뉴얼, 가이드 등)
A95: DAR | B95: =A95&"-"&TEXT(COUNTIF($A$4:$A95, A95), "000") -> DAR-006 | D95: =IFERROR(VLOOKUP(C95,B:F,5,0),"") | E95: 데이터 요구사항 | F95: 데이터 값 검증 | G95: 필수 | H95: 데이터 값 검증 방안 | I95: ○ 데이터 값 진단 계획 수립 - 데이터 값 검증 범위(전체 또는 일부), 시기, 방법을 사업 계획에 명시하여야 함 ○ 데이터 값 진단 수행 및 검증 (공사 내 SDQ 이용) - 목표시스템에 추가되는 데이터의 특성을 분석하고, 대상 DB(시스템)의 구축·운영 근거(법령, 규정, 규칙, 매뉴얼 등)을 참고하여 데이터 특성에 부합하는 업무규칙(BR)을 정의하여야 함 - 공공데이터 범정부 품질진단 기준* 및 업무규칙(BR)에 따라 값 검증을 수행하여야 함 * 공공데이터 품질관리 매뉴얼 참고 - 데이터 값 검증 결과에 따른 오류데이터를 개선하고, 오류로 인한 영향도, 오류유형별 조치 방법 등을 관리하여야 함 - 반복적으로 발생하는 동일 오류가 있는 경우 재발 방지 방안을 제시하여야 함 - 오류 데이터 입력 방지(사전검증) 방안을 제시하여야 함 | J95: 데이터 값 진단 계획·결과, 업무규칙 정의서 값진단 결과서 및 업무규칙 정의서는 SDQ를 이용한 결과 제출
A96: DAR | B96: =A96&"-"&TEXT(COUNTIF($A$4:$A96, A96), "000") -> DAR-007 | D96: =IFERROR(VLOOKUP(C96,B:F,5,0),"") | E96: 데이터 요구사항 | F96: 이관 데이터 값 검증 | G96: 필수 | H96: 목표 시스템으로 데이터 이관 | I96: ○ 데이터 이관 계획 수립 - 정보시스템의 데이터 특성을 고려하여 데이터 이관 방안(범위, 절차, 시기, 환경, 순서, 전략 등)을 계획하여야 함 * 이관 우선순위 : 코드 데이터 이관 후 트랜잭션 데이터 이관 등 ** 이관 방식 : 일괄 이관 또는 점진적 이관 등 - 이관 데이터 GAP 분석과 데이터 매핑의 정의, 데이터 정제 및 백업과 복구 방안 수립에 대한 산출물을 포함하여야 함 - 민감 데이터(개인정보 등)에 대한 정보보호 확보방안을 포함하여야 함 ○ 이관 데이터 정제방안 수립 - 원천 데이터 정제작업 수행 시 이관 데이터 정제작업에 대한 내용을 포함해야 함 * 원천 데이터 정제방안 : 수작업, 데이터 매핑을 통한 규칙 적용, 프로그래밍 등 ** 이관 데이터 정제방안 : 건별 수작업, 수정삭제재생성 등 ○ 이관 데이터 정합성 검증 - 여러 차례의 단계별 테스트를 수행하여 이관 작업 간 발생할 수 있는 모든 위험 요소를 발견·제거하고 이관 작업을 수행하여야 함 - 매핑 정의서의 매핑 규칙에 맞게 이관되었는지 검증하여야 함 - 기존 시스템의 값과 목표시스템의 값에 대한 정합성을 검증하여야 함 - 단계별 이관 데이터 정합성 검증을 통하여 목표시스템 데이터의 무결성 보장방안을 제시하여야 함 | J96: 이관 데이터 검증 계획·결과
A97: DAR | B97: =A97&"-"&TEXT(COUNTIF($A$4:$A97, A97), "000") -> DAR-008 | D97: =IFERROR(VLOOKUP(C97,B:F,5,0),"") | E97: 데이터 요구사항 | F97: 데이터 관리체계 수립 | G97: 필수 | H97: 데이터 관리체계 수립 | I97: ○ 운영단계까지 지속적으로 적용가능한 데이터 관리체계 정의 (공사 기준 준용) - 데이터 표준, 구조, 값 등 데이터 핵심 요소의 지속적인 관리를 위한 조직과 역할을 정의하여야 함 - DB표준(단어 · 용어 · 도메인 · 코드)의 추가, 변경, 삭제 절차를 수립하여야 함 - 데이터 구조(논리 · 물리)와 관련된 추가, 변경, 삭제 절차를 수립하여야 함 - 관리체계에는 표준 준수율, 구조 현행화율, 값 검증 오류율 등 명확한 관리기준을 제시하여야 함 (사업범위에 연계 데이터가 없는 경우 하단의 요구사항 생략 가능) ○ 연계데이터 관리방안 제시 - 제공기관 및 활용기관 간 연계데이터의 정합성이 유지되도록 방안을 제시하고 구축하여야 함 - 연계데이터 목록을 정의*하고 관리 방안을 제시하여야 함 * 연계 정보(송·수신 구분, 정보명, 주기), 연계 항목(항목명, 설명, 데이터 타입, 길이), 항목 출처(DB, 테이블, 컬럼명), 제공기관, 활용기관 등 - 연계데이터를 제공 및 활용하는 기관 상호 간의 데이터 품질 확보를 위해 연계표준이나 기준 등을 협의하고, 정기적인 연계데이터 정합성 검증을 수행하여야 함 | J97: 데이터(표준, 구조, 값) 관리 매뉴얼, 연계 데이터 관리 매뉴얼, 연계데이터 정의서
A98: DAR | B98: =A98&"-"&TEXT(COUNTIF($A$4:$A98, A98), "000") -> DAR-009 | D98: =IFERROR(VLOOKUP(C98,B:F,5,0),"") | E98: 데이터 요구사항 | F98: 데이터 개방 및 메타데이터 관리체계 | G98: 필수 | H98: 개방데이터 서비스 연속성 확보 및 메타데이터 현행화 | I98: ○ 메타데이터 현행화 (기관메타 업로드) - 목표시스템의 메타데이터 표준 관리 항목이 발주기관의 메타데이터 관리시스템과 중앙 메타데이터 관리시스템에 등록 및 현행화 되도록 지원하여야 함 ※ 발주기관에서 운영 중인 메타데이터 관리시스템이 없는 경우 문서,파일 등으로 메타데이터 항목을 작성하여 제출하여야 함 (개방 가능 데이터가 아닌 경우 하단의 요구사항 생략 가능) ○ 개방 데이터 서비스 연속성 확보 - 기존 시스템(DB)과 연관된 개방데이터 목록을 식별하고 본 사업으로 추가되는 데이터를 포함하여 개방될 수 있도록 지원하여야 함 | J98: 개방데이터 서비스 연속성 확보 방안 계획·결과, 메타데이터 현행화 결과
A99: DAR | B99: =A99&"-"&TEXT(COUNTIF($A$4:$A99, A99), "000") -> DAR-010 | D99: =IFERROR(VLOOKUP(C99,B:F,5,0),"") | E99: 데이터 요구사항 | F99: DB 관리 방안 | G99: 필수 | H99: DB 명세서 및 마이그레이션 방안 제시 | I99: ○ DB 명세서 제공 - 논리/물리 데이터모델 및 테이블 Relationship(ERD) - 테이블 및 컬럼, 프로시져 등에 대한 설명 ※ DB 명세서 제공 불가시, 상용 솔루션 커스터마이징 내역 제시 필요 ○ 상용 솔루션의 경우, DB 커스터마이징 가능 범위 및 방안 ○ 기존 시스템 데이터를 분석하여 신규 시스템의 관리 체계에 맞게 마이그레이션 - 마이그레이션 시, 지사별 중복 데이터 및 미사용 데이터 처리 방안 제시 ○ 이관 데이터의 AI 학습 가용성 검증 - 이관되는 텍스트 데이터(이력, 조치내용 등)의 결측치, 특수문자 오류 등을 사전 정제하여 향후 LLM 학습 시 노이즈를 최소화해야 함 - 데이터 간 관계(Relation)를 명확히 하여 AI가 문맥을 파악할 수 있는 구조로 이관해야 함 | J99: 엔티티목록, 정의서, ERD(논리데이터모델), 코드 정의서, 데이터베이스설계서(물리데이터모델)
A100: DAR | B100: =A100&"-"&TEXT(COUNTIF($A$4:$A100, A100), "000") -> DAR-011 | D100: =IFERROR(VLOOKUP(C100,B:F,5,0),"") | E100: 데이터 요구사항 | F100: DB 표준 준수 | G100: 필수 | H100: DB 설계 시, 한국지역난방공사 DB 표준 정책 준수 | I100: ○ 우리 공사의 ‘데이터 관리 절차서’, ‘데이터 표준관리 절차서’, ‘데이터 구조관리 절차서’를 준수하여, 전사 데이터 표준메타를 적용하고, 개념/물리/논리 데이터모델을 설계함 ○ DB상세설계 시, 신규 정보시스템 등록정보 (①시스템 기본정보, ②담당자, ③DB연결정보, ④개념/논리/물리데이터 모델, ⑤인터페이스 목록)를 데이터 관리조직에 제출 ○ 데이터 관리조직으로부터 데이터모델 보완을 요구받을 시, 필히 개선을 수행함 ○ 상용 솔루션 고유 데이터 모델의 경우 비표준 대상으로 관리하여 표준준수 대상에서 제외 가능 | J100: 개념/논리/물리데이터모델
A101: DAR | B101: =A101&"-"&TEXT(COUNTIF($A$4:$A101, A101), "000") -> DAR-012 | D101: =IFERROR(VLOOKUP(C101,B:F,5,0),"") | E101: 데이터 요구사항 | F101: AI 지원을 위한 데이터 구조 표준 수립 | G101: 필수 | H101: AI 지원을 위한 데이터 구조 표준 수립 | I101: ○ 비정형 데이터(도면/이미지) 구축 요건 - 디지털 문서(텍스트형 PDF, 한글 등): 텍스트를 추출(Parsing)하여 문단 단위로 벡터 DB화 할 수 있도록 구조화 하여야한다. - 이미지/수기 도면(스캔파일 등): - OCR 인식률이 낮은 수기 도면은 무리한 텍스트 변환을 지양하고, 대신 AI가 식별 가능한 수준의 '상세 메타데이터'를 태깅하여 DB화해야 한다. - 필수 태깅 항목: 설비명, 설비코드(Tag No), 도면유형(P&ID, ISO 등), 작성일자, 주요 부품명, 지사명 등 - 파일명이 아닌, 시스템 내 메타데이터 테이블과 파일을 1:1로 매핑하여, 향후 AI가 메타데이터를 통해 해당 설비도면을 호출할 수 있도록 구조화해야 한다. | J101: 개념/논리/물리데이터모델
A102: DAR | B102: =A102&"-"&TEXT(COUNTIF($A$4:$A102, A102), "000") -> DAR-013 | D102: =IFERROR(VLOOKUP(C102,B:F,5,0),"") | E102: 데이터 요구사항 | F102: 데이터 관리 일반 | G102: 필수 | H102: 데이터 관리 일반 | I102: ○ 동일 데이터 중복 방지 방안 제시 ○ 우리 공사가 제시하는 데이터 관리 요구사항 준수 ○ 데이터 정제/변환/저장과정 모니터링을 위한 로그관리
A103: COR | B103: =A103&"-"&TEXT(COUNTIF($A$4:$A103, A103), "000") -> COR-001 | D103: =IFERROR(VLOOKUP(C103,B:F,5,0),"") | E103: 제약사항 | F103: 표준 제약사항 | G103: 필수 | H103: 목표시스템의 표준 제약에 관한 사항 | I103: ○ 시스템은 기존의 국가표준 및 정보화 기술지원기관에서 확정한 표준화 내용 준수 ○ 전자정부 구축을 위한 기술 아키텍처 표준을 제시한 “행정기관 및 공공기관 정보시스템 구축·운영 기술 지침(행정 안전부 고시)” 준수 ○ 시스템은 웹 접근성 관련 표준인 ‘한국형 웹 콘텐츠 접근성 지침 2.2(KWCAG 2.2)’ 준수
A104: COR | B104: =A104&"-"&TEXT(COUNTIF($A$4:$A104, A104), "000") -> COR-002 | D104: =IFERROR(VLOOKUP(C104,B:F,5,0),"") | E104: 제약사항 | F104: 감리 대응 | G104: 필수 | H104: 감리 대응 및 협조 | I104: ○ 감리 계획 수립 및 감리 협조 - 관련규정: 전자정부지원사업 관리지침 제23조 및 전자정부법 제57조(행정기관등의 정보 시스템 감리) - 감리계획에 따른 실행에 대응 - 수요기관이 추후 별도의 전문기관을 통해 감리를 실시하는 경우,한국정보화진흥원의 ‘정보화사업 감리수행 가이드’에 기재된 사항을 점검할 수 있도록 감리법인이 점검하기 위한 산출물을 작성하여 제출
A105: COR | B105: =A105&"-"&TEXT(COUNTIF($A$4:$A105, A105), "000") -> COR-003 | D105: =IFERROR(VLOOKUP(C105,B:F,5,0),"") | E105: 제약사항 | F105: 기술적용계획표 및 결과표 작성 | G105: 필수 | H105: 기술적용계획표 및 결과표 작성 | I105: ○ 기술적용계획표 및 결과표 작성 방안 제시 - 기술적용계획표의 기술표준이 본 사업에 부합하는지 검토하여야 하며, 변경이 필요할 경우 타당한 사유를 제시하여 발주자와 상호 협의하여 조정 ○ 기술적용계획표 및 결과표 작성 - 공공 SW사업 기술표준을 준수하여야 하며, 제안서에 “행정기관 및 공공기관 정보 시스템 구축운영지침(행정안전부고시)”에 의한 [붙임 1] ‘기술적용계획표’ 작성·제출 - 사업자는 계약체결 후 사업수행계획서 제출 시 ‘정보시스템의 구축·운영 기술지침’에 따라 ‘기술적용계획 및 결과표’를 첨부하여 발주자 검토 필요 - 발주처가 작성한 기술적용계획표의 검토 및 준수와 결과표 작성 방안 제시 - 기술적용계획표의 기술표준이 본 사업에 부합하는지 검토하여야 하며, 변경이 필요할 경우 타당한 사유를 제시하여 발주처와 상호 협의하여 조정
A106: COR | B106: =A106&"-"&TEXT(COUNTIF($A$4:$A106, A106), "000") -> COR-004 | D106: =IFERROR(VLOOKUP(C106,B:F,5,0),"") | E106: 제약사항 | F106: 개발 제약사항 | G106: 필수 | H106: 목표시스템의 개발제약에 관한 사항 | I106: ○ 시스템의 핵심 규칙/데이터/업무로직을 구성하는 단위시스템은 현 시점에서 한국 전자정부 표준/국제 표준으로 받아들여지고 있는 표준 SOA 구현 기술(SOAP, UDDI, WSDL)등을 준수하여 개발 ○ 목표시스템에 적용할 수 있는 공통 컴포넌트의 사용계획 및 활용방안 제시 ○ 시스템은 제시된 방법론의 절차와 과정(개발표준, 기술표준 문서화)에 따른 개발 ○ 어플리케이션은 특정 하드웨어나 운영체제(OS)에 종속되지 않고 향후 유연성, 확장성 및 유지보수가 용이하도록 개발 ○ 본 과업 수행 시 발생되는 화면처리 흐름, 신규 코드 분류 등 향후 운영 및 유지관리에 영향을 주는 제반사항은 감독과 사전에 협의하여 시행 ○ 그래픽, 입력, 검색 등 각종 화면 및 처리방법은 감독과 협의하여 결정 ○ 프로그램 작성 기법과 문서화 작업은 사전에 감독과 협의하여 결정하고 소스 작성 시 주석을 상세히 기술 ○ 본 과업을 수행함에 있어 연계되는 시스템의 유지보수팀과의 정보를 공유하고 상호 간에 긴밀한 협조를 유지할 수 있는 체계를 마련하여 본 과업이 차질 없이 수행 ○ 본 용역의 수행으로 인해 연계되는 시스템에 영향을 주어서는 안됨 ○ 프로젝트 범위 내 ActiveX 사용 및 하드코딩 배제
A107: COR | B107: =A107&"-"&TEXT(COUNTIF($A$4:$A107, A107), "000") -> COR-005 | D107: =IFERROR(VLOOKUP(C107,B:F,5,0),"") | E107: 제약사항 | F107: 법적 제약사항 | G107: 필수 | H107: 목표시스템의 법적 제약에 관한 사항 | I107: ○ 시스템은 개인정보보호를 위하여 ‘개인정보보호법’ 준수 ○ 시스템은 ‘전자정부 웹사이트 품질관리 지침’ 준수 ○ 시스템은 ‘행정정보데이터베이스 표준화 지침’ 준수 ○ 시스템은 ‘행정기관의 코드표준화 추진지침‘ 준수 ○ 시스템은 다양한 웹 브라우저에서 접근할 수 있도록 W3C의 국제표준 적용 ○ 본 사업은「소프트웨어 진흥법 제46조」에 따라 해당 사업 수주자는 SW사업정보(SW사업 수행 및 실적 정보) 데이터를 작성 및 제출 - SW사업정보는 SW사업정보 저장소(www.spir.kr)에 총 2회 제출 (1차 : 사업계약 완료 후 1개월 이내, 2차 : 사업 종료 후 1개월 이내) - 데이터 작성에 대한 기본적인 책임은 해당사업 수주기업에 있고 사업 수주자가 작성하기 어려운 항목에 대해서는 발주 담당자가 작성할 수 있으며, 데이터 제출 시 발주기관의 최종 승인을 득한 후 제출 - SW사업정보 데이터는 사업수행계획서 작성 시 단계별 산출물 리스트에 반드시 명시 ○ SW사업정보 중 기능점수 데이터를 작성하여 제출 | J107: 정보화사업 현황보고서
A108: COR | B108: =A108&"-"&TEXT(COUNTIF($A$4:$A108, A108), "000") -> COR-006 | D108: =IFERROR(VLOOKUP(C108,B:F,5,0),"") | E108: 제약사항 | F108: 기타 제약사항 | G108: 필수 | H108: 목표시스템의 기타 제약사항에 관한 사항 | I108: ○ 본 과업은 관련 법규, 용역 규정 및 과업내용서와 감독원의 지시에 따라 수행하여야 하며 과업내용서에 명시된 모든 항목은 최소한의 사항만을 규정하였으므로 상세히 기술되지 않았거나 누락된 사항에 대하여 운영상 문제가 발생하지 않도록 해야 함 ○ 본 과업지시서 상에 명시된 사항 중 해석상의 이견이 있을 시 공사와 계약상대자간에 상호 협의하여 조정
A109: COR | B109: =A109&"-"&TEXT(COUNTIF($A$4:$A109, A109), "000") -> COR-007 | D109: =IFERROR(VLOOKUP(C109,B:F,5,0),"") | E109: 제약사항 | F109: 특허권 및 저작권 보호 | G109: 필수 | H109: 목표시스템의 기타 제약사항에 관한 사항 | I109: ○ 제안사가 제공한 소프트웨어 사용기간 동안 동 소프트웨어로 인하여 발주자가 소유권 및 지적재산권 침해에 대한 소송상 또는 소송의 청구를 당하거나 그로 인한 재판이 결정된 경우, 공급업체는 자기의 비용과 선택으로 즉시 동 소프트웨어의 계속 점유권 및 사용권을 발주자에게 부여하거나 또는 소유권 및 지적재산권 침해 소프트웨어와 동등 또는 더 우수한 물품으로 대체하고 문제가 된 소프트웨어를 철거하여야 한다. ○ 제안사는 구축된 시스템이 국내의 저작권 침해 등 법적 권리관계의 문제 발생 시 이에 대한 조치 및 책임을 져야 하며 이에 따른 손해배상의 책임도 제안사에게 있음 ○ 제안사는 계약에 의거 제공한 HW, SW가 국내외의 특허권 및 저작권을 침해한다는 이유로 소송을 제기 받을 경우 발주자에게 발생한 모든 손해 및 배상을 책임져야 함
A110: PER | B110: =A110&"-"&TEXT(COUNTIF($A$4:$A110, A110), "000") -> PER-001 | D110: =IFERROR(VLOOKUP(C110,B:F,5,0),"") | E110: 성능 요구사항 | F110: 정보응답시간 | G110: 필수 | H110: 정보응답시간 | I110: ○ 정보응답시간 개선 - 모든 기능은 요청하는 시간으로 부터 3,000ms 내에 결과를 보여주도록 구현 - 대용량의 데이터 요청 시 진행상태 및 메시지 표시
A111: PER | B111: =A111&"-"&TEXT(COUNTIF($A$4:$A111, A111), "000") -> PER-002 | D111: =IFERROR(VLOOKUP(C111,B:F,5,0),"") | E111: 성능 요구사항 | F111: 데이터 오류 응답시간 | G111: 필수 | H111: 데이터 오류 응답시간 | I111: ○ 데이터 오류 응답시간 - 사용자 입력 데이터의 형식 오류 등 모든 오류에 대해 사용자가 시스템에 정보를 입력한 시간으로부터 2,000ms 이내에 적절한 오류 메시지 제공
A112: PER | B112: =A112&"-"&TEXT(COUNTIF($A$4:$A112, A112), "000") -> PER-003 | D112: =IFERROR(VLOOKUP(C112,B:F,5,0),"") | E112: 성능 요구사항 | F112: 동시 사용자 접속수 | G112: 필수 | H112: 동시 사용자 접속수 | I112: ○ 동시 사용자 접속 - 우리 공사 19개 지사 담당자들의 시스템 사용 시 성능 보장 - 시스템 구축 이후 사용자 수 증가에 따른 과도한 추가 비용 발생 또는 라이선스 추가 등의 사항은 없도록 구성되어야 함
A113: PER | B113: =A113&"-"&TEXT(COUNTIF($A$4:$A113, A113), "000") -> PER-004 | D113: =IFERROR(VLOOKUP(C113,B:F,5,0),"") | E113: 성능 요구사항 | F113: 시스템 부하 최적화 | G113: 필수 | H113: 시스템 부하 최적화 | I113: ○ 시스템 부하 최적화 - 조회/통계/분석 등의 작업 시 시스템 부하 최소화 및 최적 분배 설계 구현
A114: QUR | B114: =A114&"-"&TEXT(COUNTIF($A$4:$A114, A114), "000") -> QUR-001 | E114: 품질 요구사항 | F114: 품질관리 | G114: 필수 | H114: 품질관리 방안 | I114: ○ 품질관리 - 계약상대자는 계약상 규정된 바에 따라 우리 공사에 제공 또는우리 공사에 의해 이용된 지적재산권(특허, 저작권 등)이나 공정 등이 제3자의 지적재산권을 침해하지 않을 것을 보증해야 함 - 수행사, 사업자 또는 하도급자가 제3자의 지적재산권을 침해하였거나, 침해하였다는 주장에 의해 우리 공사 또는 사업자를 상대로 제기된 소송, 기타의 분쟁, 클레임 등에 대해 계약상대자의 책임과 비용으로 대응하여야 함 - 계약상대자는 과업 수행과정에서 사용한 각종 기준 및 요건을 기술하고 근거자료를 제시하여 과업 성과물을 작성, 개정, 발행 - 품질보증을 위한 품질관리 조직, 품질보증의 범위, 점검 절차 방법 등이 포함된 품질보증계획 수립 및 품질관리 계획서(과업수행계획서에 포함) 제출 - 사업자는 별도 품질관리 담당을 지정해야 함 - 품질관리 담당 조직의 품질보증 활동계획 및 형상관리 계획 제시 - 정기적인 품질관리 활동을 수행하여야 함 - 일정지연, 품질저하에 따르는 예산초과 등 리스크 발생에 대한 사전 예방 및 발생 시 대처방안 제시 | J114: 품질관리 계획서 (데이터 품질진단계획서)
A115: QUR | B115: =A115&"-"&TEXT(COUNTIF($A$4:$A115, A115), "000") -> QUR-002 | E115: 품질 요구사항 | F115: 형상 및 산출물 관리 | G115: 필수 | H115: 형상 및 산출물 관리 사항 | I115: ○ 형상 및 산출물 관리 - 시스템 형상관리계획을 수립하고 적용해야 함 - 프로그램 분배, 테스트, 확인 과정 등을 포함하는 분배관리 절차 및 운영 방안 제시 - 분배로 인한 장애 발생 시, 분배 전의 상태로의 신속한 복구 방안 및 절차, 운영 방안 등을 제시 - 버전 변경 시, 시스템의 신뢰성 및 연속성 확보 보장 - 형상관리시스템을 통한 접근제어 및 이력관리
A116: QUR | B116: =A116&"-"&TEXT(COUNTIF($A$4:$A116, A116), "000") -> QUR-003 | E116: 품질 요구사항 | F116: 시스템 무중단 운영 | G116: 필수 | H116: 시스템 무중단 운영 사항 | I116: ○ 시스템 무중단 운영 - 시스템은 주 7일, 일일 24시간 무중단 서비스를 제공해야 함 - 시스템 일부 장애로 전체 서비스 중단 영향 방지 - 서비스 무중단을 보장하는 이중화 구성 제안
A117: QUR | B117: =A117&"-"&TEXT(COUNTIF($A$4:$A117, A117), "000") -> QUR-004 | E117: 품질 요구사항 | F117: 품질관리 일반요건 | G117: 필수 | H117: 품질관리 일반요건 사항 | I117: ○ 품질관리 일반요건 - 시스템의 안정성과 신뢰성 확보, 장애시간의 최소화를 위해 기본적인 장애진단, 장애복구, 장애대책 기능을 제공하여야 함 - 물리적/논리적 장애복구, 유지관리지원 서비스 체계를 구축하여야 함
...

Sheet 4. 산출물 목록
B1: 산출물 목록
B3: 구분 | C3: 업무구분 | D3: 활동구분 | E3: 산출물명 | F3: 요구사항 번호 | G3: 비고
B4: 1 | C4: 관리산출물 | D4: 착수 | E4: 착수계(착수신고서, 사업수행계획서, 품질보증계획서, 위험관리계획서) | F4: PMR-001
B5: 2 | E5: WBS | F5: PMR-001
B6: 3 | E6: 보안서약서 | F6: SER-005
B7: 4 | E7: 인터넷망 자체 보안성 검토 | F7: SER-012
B8: 5 | D8: 수행 | E8: 주간/월간 보고서, 중간·최종 보고서 등 회의록 | F8: PMR-004
B9: 6 | E9: 보안교육 결과보고서 | F9: SER-005
B10: 7 | E10: 자료관리대장 | F10: SER-005
B11: 8 | E11: 반출입관리대장 | F11: SER-005
B12: 9 | D12: 완료 | E12: 완료 보고서 | F12: PMR-004
B13: 10 | E13: 자원현황 보고서 | F13: PSR-001
B14: 11 | E14: 보안확약서 | F14: SER-007
B15: 12 | D15: 매뉴얼 | E15: 사용자 매뉴얼 | F15: SFR-071
B16: 13 | E16: 관리자 매뉴얼 | F16: SFR-071
B17: 14 | D17: 감리 | E17: 감리보고서 | F17: 감리용역 산출물
B18: 15 | E18: 감리결과 조치내역 확인 보고서 | F18: 감리용역 산출물
B19: 16 | D19: 종료 | E19: 준공검사확인서(준공조서, 기성부문산출내역, 검사확인서, 비용산출 최종내역) | F19: PMR-005
B20: 17 | E20: 정보시스템 현황보고서 | F20: PMR-005
B21: 18 | E21: 최종 프로그램 소스코드 및 디자인 원본 파일 일체 | F21: PMR-005
B22: 19 | E22: 정보화사업 현황보고서 | F22: COR-005
B23: 20 | E23: 단위테스트 계획/결과서 (기능별, 요구사항별, 등) | F23: TER-001, TER-002
B24: 21 | E24: 통합테스트 계획/결과서 | F24: TER-001, TER-002
B25: 22 | C25: 개발산출물 | D25: 분석 및 수행 | E25: 아키텍쳐 설계서 | F25: ECR-001
B26: 23 | E26: 메뉴구성 및 권한정의서 | F26: SFR-001
B27: 24 | E27: 프로그램 목록 | F27: PMR-008
B28: 25 | E28: 요구사항 정의서, 요구사항 추적표 | F28: PMR-009
B29: 26 | E29: 프로세스 정의서 | F29: CNR-001
B30: 27 | E30: 인터페이스 정의서 | F30: INR-001
B31: 28 | E31: 메뉴 목록 및 응용기능 차트 | F31: SFR-004
B32: 29 | E32: 메뉴 구성도 | F32: SFR-004
B33: 30 | E33: 화면설계서 | F33: SFR-004
B34: 31 | E34: 취약점 진단 수행 결과서 | F34: SER-009
B35: 32 | E35: 시큐어 코딩 점검 결과서 | F35: SER-009
B36: 33 | E36: DB암호화 점검 결과서 | F36: SER-010
B37: 34 | D37: 완료 | E37: 기술이전 계획서 | F37: PSR-004
B38: 35 | E38: 시스템 운영 및 유지관리 지침서 | F38: PSR-004
B39: 36 | D39: 데이터 품질 | E39: 데이터 품질진단계획서 | F39: QUR-001
B40: 37 | C40: 예방적 품질관리 (데이터 품질관리 지침 제8조의2) | D40: 계획 | E40: 예방적 품질관리 체크리스트 | F40: 사업 발주전 기제출
B41: 38 | D41: 설계 | E41: 표준용어 정의서(SMETA) | F41: DAR-001
B42: 39 | E42: 표준단어 정의서(SMETA) | F42: DAR-001
B43: 40 | E43: 표준도메인 정의서(SMETA) | F43: DAR-001
B44: 41 | E44: 표준코드 정의서(SMETA) | F44: DAR-001
B45: 42 | E45: 데이터 표준관리 방안 | F45: DAR-002
B46: 43 | E46: 데이터베이스 정의서 | F46: DAR-003
B47: 44 | E47: 엔터티 정의서 | F47: DAR-003
B48: 45 | E48: 에트리뷰트 정의서 | F48: DAR-003
B49: 46 | E49: 데이터모델다이어그램정의서(개념·논리·물리) | F49: DAR-003
B50: 47 | E50: 테이블 정의서(SMETA) | F50: DAR-003
B51: 48 | E51: 컬럼 정의서(SMETA) | F51: DAR-003
B52: 49 | E52: 데이터 모델 검증 계획 및 결과 | F52: DAR-004
B53: 50 | E53: 데이터 구조관리 방안 | F53: DAR-005
B54: 51 | D54: 개발 | E54: 데이터 값 진단 계획 및 결과(SDQ) | F54: DAR-006
B55: 52 | E55: 업무규칙 정의서(SDQ) | F55: DAR-006
B56: 53 | E56: 이관데이터 검증 계획 및 결과 | F56: DAR-007
B57: 54 | E57: 데이터 관리 매뉴얼 | F57: DAR-008
B58: 55 | E58: 연계데이터 관리 매뉴얼 | F58: DAR-008
B59: 56 | E59: 연계데이터 정의서 | F59: DAR-008
B60: 57 | D60: 완료 | E60: 개방데이터 서비스 연속성 확보방안 계획 및 결과 | F60: DAR-009
B61: 58 | E61: 메타데이터 현행화 결과 | F61: DAR-009
B62: 59 | C62: 컨설팅 | D62: 분석 및 수행 | E62: 설비 표준체계 정의서 | F62: CNR-002
B63: 60 | E63: 자재 표준체계 정의서 | F63: CNR-003
B64: 61 | E64: 유지보수 표준 설계서 | F64: CNR-004
B65: 62 | E65: 기존 시스템 단계적 폐기 계획서 | F65: CNR-005
